Annotation,Group 1 Rat 1 (F98),Group 1 Rat 2 (F98),Group 1 Rat 3 (F98),Group 1 Rat 4 (F98),Group 1 Rat 5 (F98),Group 1 Rat 6 (F98),Annotation ,Group 2 Rat 1 (F98),Group 2 Rat 2 (F98),Group 2 Rat 3 (F98),Group 2 Rat 4 (F98),Group 2 Rat 5 (F98),Group 2 Rat 6 (F98),Group 2  Rat 1 (CTX-TNA 2),Group 2  Rat 2 (CTX-TNA 2),Group 2 Rat  3 (CTX-TNA 2),Group 2  Rat 4 (CTX-TNA 2),Group 2  Rat 5 (CTX-TNA 2),Group 2 Rat 6 (CTX-TNA 2),,
CAR 14:0,12.47699929,12.41600578,12.3278333,12.03411115,12.15291858,11.9436137,8-(3-octyl-2-oxiranyl)octanoic acid ,10.11113567,9.923327485,9.842350343,9.914385132,10.39124359,10.21310422,9.481799432,9.749869427,10.09407769,9.828136484,9.794415866,9.802516365,,
CAR 16:0 ,14.82431241,14.78376561,14.79821864,14.37944606,14.20342448,14.24041869,C16 Lactosyl Ceramide (d18:1/16:0) C16 Lactosyl Ceramide,11.5674808,12.01506653,12.60779264,12.1376316,11.85564717,11.16741815,13.10033382,12.81778312,13.15418521,13.28540222,12.91923579,12.48381578,,
CAR 16:1,12.71360131,12.58378795,12.39499851,13.06726628,13.21750338,12.83605036,CAR 10:0 ,8.73809226,7.693486957,9.01402047,8.607330314,9.159871337,7.77478706,7.882643049,8.348728154,9.319672121,7.924812504,8.721099189,8.832890014,,
CAR 18:0 ,13.91877009,13.70832952,13.89566994,12.92239857,12.7251532,12.76258967,CAR 10:1 ,9.487840034,9.084808388,7.876516947,8.247927513,9.403012024,8.897845456,8.519636253,8.535275377,9.312882955,9.231221181,8.654636029,8.554588852,,
CAR 18:1 ,14.68666466,14.49523046,14.41567576,15.12298972,14.91918922,14.78999206,CAR 12:0 ,9.357552005,10.21916852,9.857980995,9.71596199,10.04575966,10.26795708,9.285402219,10.59245704,10.64475759,9.837627933,10.51471405,10.53430288,,
CAR 18:2 ,10.46760555,8.321928095,8.87036472,10.43879185,10.28655776,8.636624621,CAR 12:1 ,11.55026581,11.38154295,11.18735207,11.10983065,11.54592977,11.04712391,11.64700864,11.22219114,10.61470984,10.94104761,10.88493365,11.48733762,,
CAR 20:1,13.14497682,12.97513146,12.99258434,13.33091688,12.98210231,12.71767642,CAR 14:0,10.10459875,9.741466986,9.921840937,10.03754695,9.784634846,9.409390936,10.40407714,10.35204343,10.60269887,10.68737568,10.80332392,10.01541505,,
CE 14:0 ,9.21916852,9.415741768,9.071462363,8.794415866,8.491853096,8.098032083,CAR 14:1 Isomer A,9.614709844,9.103287808,8.21916852,8.807354922,9.174925683,9.147204925,9.529430554,8.836050355,9.317412614,8.405141463,9.011227255,9.501837185,,
CE 16:1 ,13.52000474,13.31826034,13.64182597,13.33539035,13.1694553,13.4557125,CAR 14:1 Isomer B,9,9.209453366,8.845490051,9.030667136,9.095397023,8.787902559,9.063395081,9.756556323,9.049848549,9.330916878,8.108524457,9.236014192,,
CE 18:1 ,16.11195071,16.11969093,16.20369212,16.18142406,16.08982286,16.23644404,CAR 14:2 ,10.36522885,8.781359714,8.154818109,8.357552005,9.257387843,9.509775004,8.539158811,9.202123824,9.17990909,9.033423002,9.17990909,9.515699838,,
CE 18:2 ,14.24644372,14.23541594,14.54266917,14.33608808,14.0970445,14.67049029,CAR 16:0 ,10.99647349,12.18146288,12.36877926,12.01680829,11.81618368,11.73470962,11.70951466,11.906139,11.62159404,12.06204614,12.14593215,11.1221809,,
CE 18:3 ,10.44501485,10.44086917,10.7548875,10.27844946,10.13699111,10.5137276,CAR 16:1,9.2644426,9.929258409,9.799281622,9.515699838,9.45532722,9.159871337,8.985841937,9.616548844,9.636624621,9.063395081,9.383704292,8.366322214,,
CE 20:1,12.96704609,12.86283105,13.03737536,12.72983314,12.73025784,12.70671184,CAR 18:0,11.45943162,11.54448152,12.95601308,11.77148947,11.49335512,12.01192607,10.6183855,10.83605036,11.14593215,10.96938652,10.96650545,10.76570049,,
CE 20:2,12.65776504,12.51496056,12.66533592,12.74062404,12.75843144,12.73788108,CAR 18:1 ,10.82892983,12.33594857,11.84352853,11.84470576,11.10656294,10.87190524,10.4767462,11.35480034,10.76983784,10.17492568,11.07948478,10.13314221,,
CE 20:3 ,11.27437815,11.16239133,11.24079133,11.30320995,10.99576715,11.09605624,CAR 18:2,9.167418146,9.346513733,9.724513853,8.531381461,9.609178738,8.885696373,8.845490051,8.581200582,9.002815016,9.047123912,8.768184325,8.810571635,,
CE 20:4 ,14.20640391,14.18797059,14.56795608,14.11064643,13.80554236,14.52894242,CAR 18:3 ,9.184875343,8.463524373,7.303780748,8.945443836,8.573647187,8.936637939,9.271463028,7.77478706,10.29806257,8.77478706,8.700439718,8.791162889,,
CE 20:5 ,10.98797452,10.82813648,11.18797059,10.81458247,10.56510208,10.86650621,CAR 20:0,10.71510401,10.26209485,10.75905594,10,10.75655632,10.20212382,10.83051521,10.64655871,10.61930296,10.84313591,10.47876962,9.994353437,,
CE 22:2 ,11.98334993,13.0152408,12.41574177,13.06709819,13.00650141,13.01837407,CAR 20:1 ,11.08679969,10.14720492,10.53332973,9.769837844,11.46505617,10.73216743,9.957102042,11.38963134,11.1711768,9.821773982,8.184875343,9.816983623,,
CE 22:5,12.32614856,12.14370208,12.40221267,12.59128858,12.40992124,12.6024669,CAR 8:1 ,9.511752654,8.82336724,8.30833903,9.055282436,10.08613623,8.807354922,9.259743264,9.647458426,10.02928723,9.592457037,9.632995197,10.79197682,,
CE 22:6 ,13.67827002,13.47864324,13.77725532,13.97522104,13.80160733,13.9668659,CE 18:1 ,12.19044202,12.28019079,12.58777752,12.42678889,13.10033382,12.8558418,11.90839262,12.29462075,12.04473563,12.15671514,12.22972009,12.30178196,,
CE 24:1,12.28626896,12.00947875,12.25768248,11.64610864,11.58402294,11.55698496,CE 18:2 ,11.20945337,10.95492329,11.05866825,11.13955135,11.81097322,11.53915881,10.67242534,11.09605624,11.17554955,11.05731488,10.91064273,10.9505559,,
CE 24:5,9.394462695,7.321928095,8.614709844,7.924812504,7.21916852,9.036173613,CE 20:2 ,6.727920455,9.108524457,7.994353437,9.126704473,9.808964175,9.828136484,9.157346935,8.651051691,8.204571144,8.960001932,7.098032083,8.710806434,,
Cer 34:2;2O|Cer 18:2;2O/16:0,14.46537509,14.18681065,14.44320258,13.78310055,13.72099235,13.73523868,CE 20:4 ,11.57837269,11.67021364,11.86534664,11.70822173,12.60894781,12.07915141,11.29920802,11.41574177,11.7300455,11.51865316,11.59851781,11.56081047,,
Cer 36:2;2O|Cer 18:2;2O/18:0,12.01227534,11.95455985,12.00422047,11.52061868,11.56605404,11.67683861,CE 20:5 ,8.13442632,8.285402219,7.366322214,8.011227255,7.499845887,8.22881869,7.276124405,8.139551352,8.30833903,9.131856961,8.62935662,7.948367232,,
Cer 40:2;2O|Cer 18:1;2O/22:1,14.01070293,13.53867395,13.91242158,13.56510208,13.6075615,13.55074679,CE 22:6 ,10.09934781,10.37177664,10.10197567,10.27612441,11.07948478,10.91737208,10.33539035,10.27262978,10.3553511,10.78953364,10.09407769,10.04028972,,
Cer 41:2;2O|Cer 18:1;2O/23:1,12.47775827,12.15165083,12.31712993,11.509775,11.43410693,11.45018025,Cer 17:0;3O/24:0;(2OH) ,10.61010206,9.499845887,9.93516505,9.64385619,9.837627933,9.14974712,9.442943496,10.35093918,9.73470962,10.16616308,9.503825738,9.853309555,,
Cer 42:1;3O|Cer 19:0;2O/23:1;O,11.04848687,11.02583167,11.02306125,10.15860969,10.35645197,10.18858885,Cer 17:1;2O/16:1 ,10.89102419,10.73724734,11.20212382,10.79603961,10.59339112,10.72706956,10.77725532,10.45635442,10.45943162,10.68211676,10.51076417,10.63208641,,
Cer 42:3;2O|Cer 18:2;2O/24:1,15.60237991,15.30524239,15.52160044,14.71241953,14.7163372,14.7198166,Cer 17:1;2O/24:1 ,9.189824559,7.77478706,8.614709844,9.668884984,8.317412614,8.523561956,8.515699838,9.315149562,8.189824559,9.625708843,8.891783703,8.689997971,,
Cer d34:1 ,17.20949144,17.09683867,17.21867675,16.56022833,16.57150084,16.52668262,Cer 18:0;2O/16:0 ,11.93295289,12.75384351,13.71478213,13.02410078,12.89292222,12.69392249,13.22761594,12.69217958,12.74062404,13.1713332,12.65262093,12.43071389,,
Cer d36:1 ,15.20594594,15.00408876,15.15947719,14.33140684,14.2825817,14.30869454,Cer 18:0;3O/22:0;(2OH) ,10.18115226,9.447083226,9.17990909,9.405141463,9.28077077,8.724513853,8.832890014,9.921840937,9.152284842,10.09011242,8.257387843,9.527477006,,
Cer d38:1 ,13.94159787,13.48268193,13.88073144,12.65664831,12.60316268,12.52943055,Cer 18:0;3O/24:0;(2OH) ,11.07881795,10.06608919,9.885696373,10.27961058,10.50183718,9.63481105,9.763212367,10.58777752,10.38046107,10.4767462,10.6110248,10.36632221,,
Cer d40:1 ,14.54357563,14.21697316,14.50165062,13.43162818,13.52918651,13.41547771,Cer 18:0;3O/25:0;(2OH) ,10.43462823,9.273795599,9.403012024,9.569855608,9.426264755,8.164906927,9.405141463,10.28655776,10.05392588,10.41890673,9.949826711,9.451211112,,
Cer d41:1 ,12.86592655,12.67991988,12.8492096,11.74945047,11.87920032,11.92072502,Cer 18:1;2O/24:2 ,14.28583566,15.02171741,16.31068378,15.73229994,15.02405748,15.25377364,14.22075618,13.42600261,13.50989869,14.25140844,13.570923,13.24406646,,
Cer d42:1 ,16.06613125,15.8200044,16.07493586,15.06604713,15.05337442,15.05697634,Cer 18:1;2O/26:0 ,10.73216743,10.86650621,11.06743436,10.64655871,10.59991284,10.44811631,10.98868469,11.86341196,10.65642486,11.76570049,11.06137119,11.06137119,,
Cer d42:2 Isomer A ,16.92760437,16.56124319,16.83571736,15.90286968,15.90329347,15.90562204,Cer 18:2;2O/22:0 ,12.01087772,12.88779179,13.85272456,13.40527445,13.0617087,13.38235383,12.80574387,11.75154406,12.03617361,12.70929925,11.88187871,11.74230944,,
Cer d42:2 Isomer B ,14.87977468,14.69582639,14.89595389,13.92230565,13.89016926,13.87229011,Cer 19:1;2O/24:1 ,9.917372079,10.07146236,11.1842555,10.43775207,10.20212382,10.47876962,10.7968508,10.67860014,10.38694025,11.15228484,10.7903485,10.29576893,,
Cholesterol ,15.20109011,15.23035825,15.25233281,15.22607346,15.25966971,15.13298162,Cer 20:0;2O/26:0 ,10.78871833,10.01680829,10.13955135,10.15608308,10.3376219,10.02097994,9.87958325,12.13699111,10.61746747,10.88950396,10.30035256,10.52454172,,
CoQ10,12.92518352,12.40700215,12.9248125,12.1376316,12.25915477,12.05188866,Cer 20:0;3O/24:0;(2OH) ,11.08414401,10.14338321,9.761551232,10.05392588,10.46147945,9.712527,9.73809226,10.95492329,10.36522885,10.78953364,9.881113961,10.13699111,,
CoQ9,15.19452603,14.83234613,15.36492119,14.64391254,14.73724734,14.56647032,Cer 20:1;2O/28:0 ,10.88798213,9.645658432,9.14974712,8.897845456,9.631177056,9.194756854,8.357552005,11.98370619,9.700439718,10.74567432,9.084808388,9.337621902,,
DG 32:1 ,14.84867184,14.64233379,14.86756833,14.21757911,14.20754821,14.20937721,Cer 20:1;2O/48:3;2O ,11.55026581,9.888743249,9.941047606,9.842350343,10.57553925,9.100662339,9.537218401,11.66977089,9.773139207,10.9893945,10.13314221,9.997179481,,
DG 34:1 ,15.87277106,15.48167332,15.83049045,14.75258972,14.72919586,14.75400016,Cer 20:1;2O/49:3;2O ,11.05596023,9.794415866,9.668884984,9.566054038,9.616548844,9.172427509,8.924812504,11.28655776,9.665335917,10.78381676,9.22881869,9.434628228,,
DG 34:2 ,13.68266546,13.35974956,13.55758336,13.29433356,13.24837235,13.20838679,Cer 20:1;2O/50:3;2O ,10.74986943,9.638435914,9.714245518,9.54689446,9.54303182,9.204571144,9.016808288,12.33203655,9.581200582,10.40726776,10.00281502,9.339850003,,
DG 34:2|DG 16:1_18:1,13.90435238,13.64554586,13.83377956,13.3877481,13.4807902,13.51397427,Cer 21:0;3O/24:0;(2OH) ,10.13442632,9.689997971,8.573647187,9.044394119,9.177419538,8.703903573,9.250298418,10.07815081,9.5980525,10.08347933,9.571752644,9.060695932,,
DG 36:1 ,12.67330908,12.42022342,12.73195537,11.50779464,11.67595703,11.57127862,Cer 21:3;2O/16:1 ,8.924812504,9.17990909,9.438791853,9.668884984,10.17866485,9.987264012,8.375039431,8.413627929,8.876516947,9.457380879,8.900866808,8.451211112,,
DG 36:2 ,14.96298635,14.51070237,14.94109347,14.28735166,14.29282488,14.27343138,Cer 22:0;2O/25:0 ,10.47370575,9.68474862,9.945443836,9.558420713,10,9.491853096,9.357552005,11.49285462,10.30035256,10.38478375,9.878050913,9.21916852,,
DG 36:3 ,12.1959873,11.95927751,12.08214904,12.0202855,12.13699111,12.11341661,Cer 22:0;2O/26:0 ,11.03548645,10.5372184,10.03754695,10.10328781,10.22037833,9.541096615,9.820178962,12.55865987,10.16239133,10.85096815,10.35645197,10.0768156,,
DG 36:4|DG 16:0_20:4,12.268542,11.85681455,12.3459596,11.70865284,11.67991988,11.8008999,Cer 22:1;2O/28:0 ,10.63662462,9.754887502,9.818582177,9.552669098,10.38046107,8.741466986,8.46760555,12.64880695,9.357552005,10.36522885,9.131856961,9.405141463,,
DG 38:4,14.71139811,14.39446269,14.86437963,14.13610998,14.16026538,14.31670579,Cer d34:2 Isomer A ,11.58072965,11.38478375,10.93295289,10.91513245,10.97226185,10.72536626,10.68035952,11.80009099,10.91288934,11.91176647,10.85720347,11.07012094,,
DG 38:5 ,13.47167521,13.15703107,13.60072599,12.97620609,13.02531262,13.16317792,Cer d34:2 Isomer B ,10.88264305,10.30378075,10.59245704,9.927777962,10.76487159,9.616548844,9.74819285,11.6930513,10.56224242,10.97154355,10.3553511,10.69348696,,
GlcCer d34:1 ,13.87161652,13.60917874,13.86234677,13.14003089,13.17398937,13.08031789,Cer d41:1 ,11.9918761,12.20853921,12.6891244,12.44216597,12.50779464,12.60432156,13.29705955,12.90989308,12.7412563,13.24955793,12.86920825,12.65977296,,
GlcCer d40:1 ,14.3298664,13.97073504,14.22113394,13.99063583,13.94003825,13.89462832,Cer d42:1 ,14.38613194,14.92935089,15.98681976,15.58821687,15.19978735,15.21329412,16.14972728,15.43999317,15.41729215,16.10412777,15.56599456,15.11080953,,
GlcCer d42:1 ,15.78374004,15.47297635,15.69824344,15.35579843,15.26685973,15.34966134,Cer d42:2 Isomer A ,15.48614367,16.17484768,17.19918347,16.71905453,16.22270058,16.43568654,16.58327379,15.74861218,15.92297921,16.5849625,15.91520249,15.50186828,,
GlcCer d42:2 ,15.77022511,15.41765476,15.7782055,15.2362011,15.20170277,15.19740869,Cer d42:2 Isomer B ,12.66200072,13.17773097,14.07698257,13.68376224,13.35438714,13.43267238,13.40726776,12.74840253,12.86515329,13.47826403,12.79644526,12.79319686,,
HexCer 34:1;2O|HexCer 18:1;2O/16:0,15.94155202,15.71198954,15.97459384,15.67397152,15.61367438,15.56340484,Cer d42:2 Isomer C ,10.09011242,9.743151394,11.14720492,10.69087101,10.62935662,10.25266543,10.56319627,10.81378119,10.72280753,11.13314221,10.43358544,10.15355203,,
Lactosylceramide d18:1/24:1 15Z ,12.29145852,12.13635034,12.23780747,11.48431942,11.42626475,11.44449729,Cer d43:1 ,10.46964182,10.30492167,10.58965115,10.18363538,9.831307244,9.805743872,10.75572215,11.56605404,10.69870467,11.14784089,10.78871833,10.65999589,,
LPC 14:0 ,12.18084157,12.01367161,12.13602985,11.72749507,11.68431031,11.51668495,Cer d44:2 ,10.14338321,7.714245518,9.30833903,8.675957033,9.131856961,8.28077077,8.618385502,9.731319031,8.768184325,10.10721708,9.172427509,8.527477006,,
LPC 15:0 ,10.85018684,10.49984589,10.71080643,9.982993575,9.984418459,9.187352073,Cer d46:1 ,10.09803208,10.16867212,9.857980995,9.62388149,9.523561956,8.159871337,9.047123912,12.00737773,9.28077077,10.34318572,9.48984796,9.294620749,,
LPC 16:0 ,16.97831944,16.69149818,16.9432016,15.95294595,15.80274354,15.72807994,Cholesterol ,16.12896095,15.85374815,15.46422665,15.55263908,16.28111502,16.01930838,15.50574954,15.89209214,15.67810493,15.4602319,15.6511358,15.98007262,,
LPC 16:1 Isomer A,14.09671515,13.73025784,13.82137539,13.81057163,14.16419986,13.68474862,cis-13-docosenoic acid ,9.315149562,8.761551232,10.10852446,9.100662339,7.607330314,9.136991112,9.09011242,9.262094845,9.079484784,7.330916878,9.693486957,8.921840937,,
LPC 16:1 Isomer B,13.22911922,13.01192607,12.96217303,12.79644526,12.84097457,12.62044895,DG 16:0_16:0 ,10.70563239,10.92407019,11.47876962,11.10787091,10.03891899,10.52356196,11.36796071,10.80735492,10.79928162,11.29519496,10.98013958,10.7984718,,
LPC 17:1 ,9.972979786,9.562242424,10.06204614,9.682994584,9.640244936,9.30833903,DG 16:0_16:1 ,10.95274125,11.32811389,11.41045135,10.74230944,10.67330908,10.48683502,11.13314221,11.33035672,11.60177079,11.4604559,11.21735191,11.10852446,,
LPC 18:0 ,16.22117171,16.01369342,16.33049678,15.33692491,15.27394126,15.34214413,DG 16:0_18:0 ,10.06877828,9.900866808,10.57931594,10.24436384,9.794415866,10.05799172,10.00281502,9.787902559,9.113742166,10.07547915,9.8008999,8.539158811,,
LPC 18:1 Isomer A,15.37815936,15.0082973,15.1465289,14.96515297,15.1707075,14.86747181,DG 16:0_18:1 ,12.55410915,13.07581338,13.84097457,13.40141288,12.54012804,12.67551604,13.53186878,12.75028827,12.93626986,13.42245903,13.04865715,12.68825031,,
LPC 18:1 Isomer B,14.89486512,14.7497647,14.80574387,14.28467953,14.25606123,14.06002035,DG 16:0_18:2 ,10.89860139,11.06743436,10.72366094,10.93147623,10.906139,10.59618976,11.38100211,11.01262454,11.32080055,11.6343573,11.23720996,10.76983784,,
LPC 18:2 Isomer A,12.62479546,12.22098285,12.27408691,12.34734454,12.69827058,12.24019505,DG 18:0_18:0 ,9.21916852,8.531381461,9.224001674,8.717676423,9.214319121,8.566054038,8.939579214,8.54689446,8.77807713,8.700439718,8.764871591,8.665335917,,
LPC 18:2 Isomer B,11.8753654,11.61010206,11.65553072,11.76611476,11.66489167,11.62662165,DG 18:0_18:1 ,11.4372319,11.72621816,12.26707927,11.90237511,11.49785184,11.63026713,10.84627391,10.50481899,10.62844554,10.91438513,9.909893084,10.03479896,,
LPC 18:3 Isomer B,9.481799432,9.25502857,9.37721053,9.787902559,10.16364968,9.847057346,DG 18:1_18:1 ,10.94617524,11.25207404,11.857981,11.37014248,10.46454575,11.17990909,11.0409746,10.58025857,10.68825031,11.17741954,10.77148947,10.87728413,,
LPC 20:0 ,11.08214904,10.8917837,11.12476754,10.62388149,10.3553511,10.55650605,DG 18:1_18:2 ,10.85486838,10.63026713,10.39124359,10.63390341,10.9248125,10.63843591,10.95201316,10.38694025,10.40620501,10.73131903,10.76404222,10.61746747,,
LPC 20:1 ,11.43983088,11.1959873,11.47623991,10.84470576,10.49685378,10.56700537,DG 18:2_18:1 ,8.64385619,8.842350343,7.189824559,8.596189756,8.569855608,8.54689446,9.055282436,8.77478706,8.754887502,9.346513733,8.839203788,8.491853096,,
LPC 20:3 ,11.05866825,10.89026428,10.77725532,10.33539035,10.89784546,10.57364719,DG 24:2,9.257387843,8.409390936,8.417852515,7.693486957,9.285402219,8.022367813,9.074141463,9.290018847,7.199672345,8.224001674,8.022367813,9.326429487,,
LPC 20:4 ,12.74230944,12.70152307,12.50828999,12.04814625,12.17586138,11.98655315,DG 29:3,10.30149619,8.611024797,10.10590851,8.797661526,10.3140167,9.139551352,9.411510988,9.661778098,9.631177056,9.896332404,9.139551352,8.794415866,,
LPC 20:5 ,10.03479896,10.01402047,9.73978061,10.31514956,10.71338651,9.952741247,DG 32:0 ,9.531381461,9.960001932,10.56414949,9.95419631,9.055282436,9.424166289,10.40620501,9.430452552,9.807354922,10.01541505,9.698704667,9.933690655,,
LPC 22:5 ,11.48230378,11.25384748,11.14911199,10.62205182,10.51274046,10.47370575,DG 32:1 ,10.04028972,9.853309555,8.584962501,9.321928095,9.503825738,8.945443836,8.696967526,9.442943496,9.442943496,9.257387843,9.567956075,9.821773982,,
LPC 22:6 Isomer A,11.89330153,11.66533592,11.63254088,11.96072599,12.34789814,11.84077792,DG 34:3 ,8.459431619,7.294620749,8.900866808,7.118941073,8.566054038,8.357552005,8.005624549,8.447083226,7.672425342,8.797661526,8.400879436,8.366322214,,
LPC 22:6 Isomer B,11.87075,11.66533592,11.50680344,11.06339508,11.33650656,10.96434087,DG 36:0 ,8.409390936,9.092757141,9.337621902,8.826548487,9.21916852,9.113742166,9.105908509,9.221587121,8.731319031,9.194756854,9.087462841,9.271463028,,
LPC 28:0,15.85352887,15.36481862,15.79887677,15.41385928,15.35789559,15.26612769,DG 36:2 ,12.10885112,12.10328781,13.20853921,12.85953479,12.06676193,12.01993816,12.38559281,12.01192607,11.76942464,12.63866217,11.93295289,11.90388185,,
LPC O-16:0 ,13.7390422,13.52955256,13.69740201,12.90218666,12.88436134,12.86263736,DG 36:4 Isomer A ,9.48984796,9.573647187,7.599912842,8.422064766,9.603626345,9.184875343,8.894817763,9.005624549,8.933690655,8.957102042,8.686500527,8.640244936,,
LPC P-18:0 or LPC O-18:1 ,12.88264305,12.60316268,12.74083483,12.42757475,12.2868465,12.22671322,DG 36:4 Isomer B ,10.51274046,10.49685378,10.69174352,10.55842071,11.03411115,10.63571812,10.9076418,10.60733031,10.4429435,10.54785851,10.76901132,10.85564717,,
LPE 16:0,11.60825482,11.1221809,11.61470984,9.375039431,8.836050355,8.417852515,DG 36:5  Isomer A,9.659995892,9.142107057,9.503825738,9.457380879,9.044394119,8.233619677,8.888743249,8.491853096,9.187352073,7.839203788,9.131856961,7.321928095,,
LPE 18:0 ,12.97136392,12.57813678,12.91232801,12.23750875,12.32446186,12.16176174,DG 38:5  Isomer B,11.63163181,11.34762137,11.47725232,11.78504371,11.78708632,11.89064428,11.8864587,11.436191,11.32811389,11.57978733,11.23541594,11.65821148,,
LPE 18:1,14.79177338,14.52766026,14.41270215,14.62530931,14.92782425,14.41031884,DG 38:6 ,9.965784285,10.16364968,10.18239435,10.24079133,10.41362793,10.37395266,10.54109662,10.46250227,10.12023788,10.64205169,9.705632387,10.12799432,,
LPE 18:2 Isomer A,11.67021364,11.29806257,11.18487534,11.25207404,11.6188443,11.203348,DG 40:6|DG 18:0_22:6,9.842350343,10.09671515,10.16113188,9.952741247,10.44501485,10.25856603,10.20089861,9.654636029,10.18239435,10.23720996,10.1382718,9.640244936,,
LPE 18:2 Isomer B,11.18611424,10.81698362,10.99010396,11.19290922,11.64295422,11.21735191,DG 40:6|DG 18:1_22:5,8.903881846,9.392317423,9.988684687,9.361943774,9.985841937,10.45224124,9.64385619,10.13570929,10.02375435,10.04712391,9.856425529,9.52160044,,
LPE 20:4 ,15.12250448,14.85997149,14.76952795,15.16925954,15.50286287,15.02310458,docosanamide ,8.189824559,8.184875343,8.741466986,8.562242424,9.20701432,9.594324604,8.640244936,8.50779464,9.252665432,9.060695932,9.37721053,9.118941073,,
LPE 22:4,12.57175264,12.19905882,12.10427113,12.41837972,12.72131284,12.29777606,Gal-Gal-Cer d18:1/16:0 or Lactosylceramide d18:1/16:0 ,11.1959873,11.17305246,11.40247917,11.16616308,11.3459596,10.96289601,11.26561505,11.30777003,10.99859043,11.40673648,11.29001885,10.55554777,,
LPE 22:5,13.82097669,13.5532693,13.36016123,13.70357919,14.07472685,13.55782266,Ganglioside-GM3(d18:1/16:0) ,13.42022342,13.83219777,14.39546719,14.00474716,12.21067134,12.79624245,11.70173964,12.59572369,12.69892166,13.06390061,12.82972274,12.45968776,,
LPE 22:6,14.26912668,13.88588699,13.77313921,14.16081685,14.5195134,14.04550372,GlcCer d34:1 Isomer A,9.887220615,9.896332404,10.2467406,10.40301202,9.696967526,9.569855608,10.99647349,10.23002044,10.60547952,11.02236781,10.45224124,9.865733271,,
LPE O-16:1,13.0202855,12.67639789,13.01767838,12.19844504,11.93184554,12.00702727,GlcCer d34:1 Isomer B,10.6891244,10.41785251,10.93516505,10.16113188,10.35204343,9.481799432,10.92777796,10.50382574,11.11439305,10.75905594,10.58683979,10.31061278,,
PC 28:0 ,18.97436417,18.47186967,18.97531062,18.00923816,17.96171534,17.90514017,Hex3Cer 18:1;2O/16:0 ,12.25355206,12.28800089,12.58308277,12.20640391,11.76155123,11.68255574,10.11113567,10.2772874,10.37068741,10.12799432,9.971543554,10.12282799,,
PC 28:1,12.65306898,12.35424938,12.78176951,12.45146871,12.40141288,12.26824957,HexCer 18:1;2O/24:0 ,12.41468524,12.98156728,13.32979634,12.84646981,12.55961609,12.58331787,15.05917544,14.53521461,14.69435789,15.07066605,14.60466905,14.28040831,,
PC 29:0|PC 14:0_15:0,17.02378683,16.54330375,16.98359487,16.03469151,16.00943501,15.95794089,HexCer 42:1;O4,8.603626345,7.098032083,9.079484784,9.118941073,7.8008999,9.192292814,8.098032083,9.357552005,9.076815597,7.918863237,8.957102042,8.714245518,,
PC 30:0 ,22.10090964,22.07627934,22.11598662,21.28941105,21.25974269,21.21074565,HexCer-NS d40:1 ,11.4046094,11.71166697,12.10427113,11.47725232,12.12509054,11.60917874,13.34082372,12.92777796,12.98690862,13.29131462,12.91643932,12.5075469,,
PC 30:1,20.54274945,20.13313343,20.46089579,20.03977317,20.06930946,19.97746022,HexCer-NS d41:1 ,10.5980525,10.66799854,10.70735913,10.59339112,10.36084708,9.779719355,11.73640193,11.47218312,11.53138146,12.13474717,11.75530489,11.33650656,,
PC 30:2,12.57837269,12.23900176,12.49410555,12.65977296,12.64160022,12.62319564,HexCer-NS d42:2 ,12.54785851,12.61125539,13.25959616,12.77375737,12.10197567,12.54665335,14.86983479,14.3075566,14.48368984,14.94402568,14.4090594,13.99506047,,
PC 31:0 ,18.7663995,18.52141258,18.74464992,17.36405769,17.24737127,17.31461865,lactosylceramide d18:1/24:1 15Z ,10.29576893,9.753216749,10.68562484,9.939579214,9.665335917,9.876516947,11.17617315,10.66799854,10.51569984,11.11894107,10.77231457,10.12799432,,
PC 31:0|PC 15:0_16:0,16.39288757,16.16767295,16.35240557,15.83523624,15.82466047,15.78517146,LPC 14:0 ,10.79928162,10.21188829,10.3858624,10.16364968,10.94544384,11.07280253,11.8029202,11.62021983,11.69913863,12.37014248,12.00281502,11.96217303,,
PC 31:1 ,18.45633837,17.90226322,18.37997057,18.13740146,18.15892027,18.05589141,LPC 16:0 Isomer A ,15.532569,15.10766662,15.41293365,15.29077485,16.03619508,15.7520147,16.68563853,16.06629946,16.17248611,16.97625085,16.50618359,16.38739472,,
PC 31:3|PC 16:1_15:2,14.28648557,13.82436213,14.18797059,13.75175325,13.78473707,13.69751061,LPC 16:1 ,11.63934071,10.92332749,11.19660213,11.44759986,11.994707,11.68079903,12.49335512,12.21067134,12.05222839,12.7652861,12.26414934,12.54496443,,
PC 32:0 ,21.42883654,21.3709449,21.42680783,20.26918491,20.23287526,20.28204432,LPC 18:0 ,14.24584977,14.03771853,14.46518374,14.04627141,14.66333572,14.42226191,14.42672339,13.81438219,13.99081308,14.68436511,14.19421821,13.93608578,,
PC 32:1 ,22.92276005,22.97656325,22.98928413,22.90649356,22.88042915,22.85048675,LPC 18:1 ,13.88931382,13.35121532,13.48406762,13.17804233,14.32923574,13.79948401,14.39198194,13.83871152,13.80685166,14.70114399,14.2511865,14.25244369,,
PC 32:2 Isomer A,19.58870366,19.10985615,19.53761844,19.33591368,19.33944554,19.2381038,LPC 18:2 ,10.59245704,10.86650621,10.64835758,10.72792045,10.357552,10.72195361,10.32755264,10.81938079,10.84470576,11.06204614,10.57742883,11.16490693,,
PC 32:2 Isomer B,16.04620745,15.78207678,15.9884628,15.68969774,15.60475591,15.60333657,LPC 18:3 ,8.744833837,8.693486957,8.988684687,8.686500527,7.607330314,9.348728154,8.417852515,8.451211112,8.703903573,9.485829309,8.577428828,9.071462363,,
PC 33:0 ,16.72830585,16.59178529,16.73045687,15.90541051,15.83358193,15.8548197,LPC 20:0 ,10.74146699,10.76652891,11.3376219,11.10000522,11.08878824,10.60547952,11.02997735,10.7548875,11.17554955,11.44138803,11.13378441,10.97441459,,
PC 33:1 ,20.32535926,20.18146895,20.29963621,20.00950608,20.01855338,20.03771585,LPC 20:1 ,10.77807713,10.43671154,10.72536626,10.67595703,11.27961058,11.18177344,11.98513037,11.50828999,11.41732512,11.97584797,11.24376903,11.88302507,,
PC 33:2 ,17.63060842,17.21029084,17.55724679,17.3146452,17.25396748,17.2617093,LPC 20:5 ,8.826548487,7.924812504,8.055282436,7.592457037,8.299208018,7.622051819,7.442943496,8.388017285,8.335390355,8.348728154,8.271463028,8.463524373,,
PC 33:4|PC 15:0_18:4,13.39137786,13.6178118,13.37612539,13.17289625,13.1223427,13.16569215,LPC 22:6 ,9.991521846,10.09934781,10.02928723,9.796039609,10.8963324,10.72706956,9.688250309,9.786269628,9.914385132,10.10328781,9.831307244,9.981567282,,
PC 34:0 ,18.03370798,17.82643677,18.04264263,17.02390593,17.01549128,17.03840463,LPC 24:0-SN1 ,10.58590145,10.92999806,11.04712391,10.94909716,10.21916852,10.67860014,11.00211178,10.62021983,10.50680344,11.06541613,11.26971112,10.83130724,,
PC 34:1 ,22.9883215,23.09815404,23.04958203,22.93991454,22.95544789,22.94370258,LPC 32:0 ,13.12266625,13.46492858,13.92490527,13.84862294,12.51594618,12.96253456,14.39921116,14.20648023,14.26216827,14.25362592,14.22821744,13.91036166,,
PC 34:2 ,21.8329576,21.65508694,21.80051999,21.70338022,21.62301295,21.59856461,LPC 32:1 ,11.93847694,12.03273453,12.69239756,12.48431942,12.06339508,12.20640391,13.11227659,12.61263816,12.66533592,12.91830423,12.78953364,12.52943055,,
PC 34:3 Isomer A ,18.58898175,18.09628278,18.54121008,18.42169504,18.37966604,18.32833307,LPC O-16:0 ,12.70649602,12.15196787,12.49909844,11.97369737,12.28857774,12.30805456,14.9432016,14.47154821,14.70892221,15.11341661,14.60721471,14.38269157,,
PC 34:3 Isomer B ,18.2889877,17.75192973,18.21507317,18.63935837,18.64023787,18.55612806,LPC O-22:0 ,10.2911707,10.40726776,10.23122118,10.25738784,10.17866485,10.29576893,10.78135971,10.56319627,10.19229281,10.16113188,10.08480839,10.02375435,,
PC 34:3 Isomer C ,17.22196466,16.89199724,17.14479763,17.52919413,17.44695404,17.46150343,LPC P-16:0 or LPC O-16:1 ,10.92407019,10.6329952,10.75739001,10.83209885,11.60501645,11.01959073,12.13955135,11.9068906,11.96217303,12.22490609,11.85759229,11.8494051,,
PC 34:4 ,16.96302023,16.51057875,16.88538656,17.04293113,17.00088028,16.91444353,LPC p-18:0 ,11.48331195,11.1234748,11.49235395,11.05460432,11.50382574,11.14402087,12.857981,12.1341054,12.30406606,12.75238065,12.33873638,11.99541385,,
PC 34:5,12.0610336,11.76942464,12.14593215,12.38694025,12.31089675,12.23780747,LPC P-18:0 or LPC O-18:1 ,11.84509796,10.97154355,11.0202855,11.08281434,12.24555271,11.98868469,13.69533706,13.2997804,13.23451809,13.71831881,13.34858985,13.20288906,,
PC 35:1 ,18.05485335,17.94483214,18.06435333,17.6175966,17.56875033,17.63153234,LPE 16:0 ,11.14784089,10.7984718,10.90237511,10.98797452,10.63571812,10.56700537,11.77148947,10.71510401,10.89860139,11.57648435,11.25325658,10.89102419,,
PC 35:2 Isomer A ,18.98089264,18.80891077,18.9851554,18.7802546,18.75331796,18.78859408,LPE 18:0 ,12.41177578,12.39901083,13.05358654,12.50158842,11.93700593,12.56057167,13.57341051,12.68496773,12.63934071,13.63174547,13.08480839,12.77622739,,
PC 35:2 Isomer B ,17.84504894,17.46679342,17.92545013,17.70901648,17.43373213,17.35992968,LPE 18:1 ,11.25797706,11.14656868,11.14082977,11.40567333,11.37612539,12.26824957,11.77930897,11.64790807,11.47775827,11.79482197,11.25679839,11.56985561,,
PC 35:3 ,15.52175378,15.43979843,15.51800763,15.93484265,15.89138026,15.87067777,LPE 22:6,10.75905594,10.85174904,11.08414401,11.02167404,10.22037833,10.54978467,10.36084708,9.749869427,10.58777752,10.33091688,10.08347933,10.9076418,,
PC 35:4 ,14.52692709,14.02323456,14.40241255,14.46263007,14.50791849,14.38032577,LPE O-16:1 ,11.73555602,11.82892983,12.54544718,12.18735207,12.34179677,12.58848041,13.44617867,12.81438219,13.12412131,13.60188683,13.14067003,12.81418188,,
PC 35:5,13.29834902,12.79928162,13.38410918,13.03049472,12.96974625,13.00158412,LPE O-18:1 ,11.93479659,11.94544384,12.5992155,12.10197567,12.21977355,12.42940674,12.67860014,11.97046544,12.10721708,12.38505349,11.81097322,11.93147623,,
PC 36:1 ,20.60197658,20.45136809,20.59188662,20.11757208,20.07611881,20.15156537,MAG ,9.337621902,7.523561956,8.06608919,6.727920455,7.651051691,8.17990909,7.988684687,7.451211112,8.204571144,8.569855608,7.499845887,7.584962501,,
PC 36:2 ,20.19330757,19.92886676,20.18751277,20.09943129,19.8976697,19.90171248,MG 16:1 ,9.273795599,9.86727874,10.20701432,9.625708843,8.794415866,8.703903573,10.37612539,10.18611424,10.24555271,10.40407714,10.01262454,9.548821908,,
PC 36:2|PC 18:1_18:1,21.9322955,21.96799137,21.96800825,22.02555291,21.9839702,22.00063379,MG 20:4 ,10.09275714,10.33650656,10.84392105,10.78299821,10.15355203,10.40726776,10.42101286,9.700439718,9.710806434,10.35645197,9.569855608,9.73470962,,
PC 36:3 Isomer A ,20.34480302,20.14777632,20.37644763,20.25194002,20.23100667,20.2426159,palmitamide ,11.20457114,10.58965115,10.96144969,10.84077792,11.60269887,11.33091688,10.53235593,10.91811785,10.83683936,10.85642553,10.72621816,10.906139,,
PC 36:3 Isomer B ,20.00044433,19.84661825,19.99265487,20.31229469,20.25103737,20.29741449,PC 14:0_16:1 ,14.35314683,14.98793013,15.79146817,15.27426894,14.12104779,14.35011044,17.70307896,16.24696322,16.43272131,17.59113515,16.80334915,16.07049834,,
PC 36:3|PC 18:1_18:2,17.52930853,17.38454769,17.52072609,17.99538073,17.92317077,17.95274693,PC 16:0/9:0 CHO ,13.19859851,13.25473339,13.92295599,13.73375682,12.99717948,12.61930296,13.38046107,13.27496047,13.74819285,13.71928186,13.77848786,12.93461233,,
PC 36:4 Isomer A ,17.01258089,16.02145717,16.34566512,15.59845966,15.84825616,15.8314557,PC 16:0_14:0 ,18.99005963,19.59350966,20.45899428,19.96394593,18.70164151,19.19258419,20.55918194,19.91357754,19.97854289,20.48719726,20.20816052,19.67759062,,
PC 36:4 Isomer B ,16.48626939,16.21118487,16.40819704,16.89597755,16.93793698,16.87458519,PC 16:0_5-oxovaleryl ,10.77725532,11.32530546,11.75447,11.24317398,10.60733031,9.887220615,10.54689446,10.712527,11.22219114,11.04302728,10.70908381,10.17866485,,
PC 36:4 Isomer C ,20.23323932,20.17617193,20.24692264,20.18032076,20.15635223,20.13917535,PC 16:0_azealic acid (PCPAz-PC) ,11.02167404,11.29863541,11.88455213,11.67507492,10.80493767,9.83447105,11.18549492,11.20457114,12.15260174,11.91214086,11.74903138,10.53430288,,
PC 36:5 Isomer A  ,12.09473751,11.68650053,12.06709819,11.38154295,11.48331195,11.38316426,PC 16:0_glutaric acid ,10.12670447,10.37503943,10.79603961,11.16741815,9.696967526,9.495855027,10.49485558,9.707359132,10.47876962,10.53624722,10.58025857,9.71596199,,
PC 36:5 Isomer C ,17.50063184,17.05001867,17.49799213,17.73630943,17.73447148,17.67335739,PC 16:1/18:4 ,10.05799172,9.881113961,10.34872815,9.991521846,10.53138146,9.951284715,10.68650053,10.5574637,10.6411486,10.87344411,10.61010206,10.81057163,,
PC 36:5 Isomer D ,17.95107408,17.49031033,17.91426833,17.43190562,17.41366098,17.34424389,PC 19:1 ,11.99576715,12.27321281,12.36905201,12.39446269,11.712527,11.5574637,13.92972074,12.63775695,13.34096276,13.21264837,12.90294032,12.41996018,,
PC 36:5|PC 18:1_18:4,15.94281229,16.16404268,16.01663421,16.24803874,16.20007483,16.17356003,PC 20:1_20:1 ,13.62947046,14.25066852,15.81563346,15.10521285,13.70098149,14.01480509,15.6285025,14.34276917,14.6364547,15.54861122,14.78315172,14.10958583,,
PC 36:6 ,15.02137041,14.55134778,14.99933944,14.80971789,14.79522797,14.68704756,PC 21:4 ,9.670656249,10.26209485,10.26912668,10.56510208,11.03686045,10.26795708,11.57222651,10.16239133,10.22881869,11.01052811,10.55554777,10.10721708,,
PC 36:6|PC 16:1_20:5,13.48758885,12.99947157,13.35190544,13.48532619,13.56807487,13.36139553,PC 28:0 ,13.6898888,14.15228484,15.17137229,14.38976576,13.27859465,13.57530288,16.5283778,15.56510208,15.72141966,16.44031767,15.96095219,15.42439596,,
PC 37:1,14.33991958,13.86476651,14.17936487,13.44138803,13.40234593,13.39070637,PC 29:0 ,15.19121347,15.84018782,16.58130358,16.06913505,14.83624765,15.5078256,17.49175134,16.67217669,16.78016808,17.34925531,16.9727106,16.39585207,,
PC 37:2,16.59854689,16.39340722,16.58077381,16.33664602,16.34903928,16.41506502,PC 31:0 ,16.33250865,16.92313014,18.02726889,17.47926713,16.38796682,16.82126327,17.9194162,17.08154585,17.15113549,17.83513753,17.3985433,16.80289496,,
PC 37:3 ,15.4577015,15.26605447,15.4449825,15.39576841,15.35810171,15.35476592,PC 31:1 ,15.9452152,16.64479983,17.49315181,17.02795998,15.63489611,16.1593195,18.66950794,17.640026,17.74545768,18.5123161,18.04591427,17.41607178,,
PC 37:4 ,14.58871464,14.35878854,14.54405884,14.83605036,14.76191477,14.76020015,PC 32:0 ,20.54847012,20.88542455,21.29645584,21.09378183,20.37799315,20.72462959,20.27821803,19.98247838,19.987078,20.26347668,20.15662504,19.81643527,,
PC 37:5 Isomer A,14.46665006,14.23047083,14.3986769,14.37788833,14.32108252,14.38262403,PC 32:1 ,20.54160429,21.25354572,21.65552286,21.49456265,20.10148203,20.64416523,21.77301361,21.76587001,21.69921786,21.7141474,21.79257823,21.61350262,,
PC 37:5 Isomer B,13.1234748,13.12169539,13.14194746,13.64092274,13.64925618,13.55146795,PC 32:3 ,10.84862294,11.4419067,12.15955603,11.72579227,10.54882191,11.01680829,11.40567333,10.9248125,10.84077792,10.92851838,10.91288934,10.87344411,,
PC 37:5 Isomer C,16.51309529,16.47771084,16.66600203,16.42194975,16.34955769,16.33863194,PC 33:0 ,15.25502857,15.91057247,16.78954638,16.36801188,15.29494377,15.74979088,16.71671231,15.8531877,15.91716226,16.64502509,16.17944263,15.50422933,,
PC 37:6 ,13.34803651,12.95728346,13.27656064,13.1049263,12.98459647,12.96361862,PC 33:2 ,14.59052857,15.38858914,16.1916376,15.85708195,14.07003706,14.56617299,17.13431601,16.06997415,16.16142716,17.10819772,16.51691574,15.88159198,,
PC 37:7,17.41640171,17.24751035,17.38760508,17.47936188,17.41120477,17.44238469,PC 34:0 ,18.27947909,18.80098519,19.62421001,19.15090997,17.88110201,18.31310003,17.35458515,16.70164489,16.67802237,17.32102084,17.0204917,16.47005508,,
PC 38:1 ,16.03889756,15.70071063,16.06453227,14.78968646,14.7137087,14.70671184,PC 34:1|PC 16:0_18:1,22.02950798,21.89574352,21.64891181,21.72747388,22.12102533,21.9442563,21.71740533,21.8728105,21.74117522,21.67041248,21.73101277,21.96701301,,
PC 38:2 ,19.1585308,18.92330427,19.12274965,18.89480888,18.84862294,18.86394123,PC 34:2 ,19.50549176,20.26658526,20.99844168,20.68692279,19.19117732,19.78974536,21.41885476,20.80456434,20.84762859,21.39398165,21.00660413,20.56960718,,
PC 38:3 Isomer A,18.50204316,18.32618368,18.48584896,18.6231742,18.57969159,18.6285381,PC 34:3 Isomer A ,16.31889581,17.0582666,17.93406516,17.53756726,15.85513614,16.38685607,18.33413796,17.31713876,17.402221,18.24998838,17.73148477,17.12937359,,
PC 38:3 Isomer B,17.19785979,17.12115912,17.21452783,17.38009744,17.32177839,17.39256899,PC 34:3 Isomer B ,11.02167404,11.80815977,12.28048081,11.75279876,11.35314683,11.27554256,12.43097517,12.11113567,11.81738343,12.52209107,12.13795173,11.54012804,,
PC 38:3|PC 18:0_20:3,15.38710859,15.3094053,15.38404171,15.72488684,15.63316553,15.76906299,PC 34:3 Isomer C ,16.31889581,17.0582666,17.93406516,17.53756726,15.85513614,16.38685607,18.33413796,17.31713876,17.402221,18.24998838,17.73148477,17.12937359,,
PC 38:4 Isomer A ,18.03499235,17.86040806,18.02892047,18.00152915,17.94343628,18.00563003,PC 34:4 ,11.43983088,12.11341661,13.17648485,12.57837269,11.76611476,12.18827975,14.63396015,13.32881515,13.47788472,14.70633413,13.6844199,13.11569395,,
PC 38:4 Isomer B  ,18.09988198,17.96181141,18.10824878,18.11773948,18.0488753,18.09520126,PC 35:2 Isomer B ,16.06122351,16.72778754,17.83484135,17.29009987,15.98386203,16.452563,17.94237705,17.0941808,17.09323185,17.8481033,17.33796156,16.80458482,,
PC 38:4 Isomer C ,17.70336965,17.74081507,17.76531848,17.71175434,17.61971132,17.79140457,PC 35:3 ,13.09605624,13.47231006,14.07940145,13.90086681,13.01628598,13.46403515,14.27095227,13.66799854,13.75561785,14.215533,13.77540452,13.4282293,,
PC 38:5 Isomer A ,19.67029837,19.58143415,19.70596474,19.77453292,19.69815525,19.72829755,PC 35:4 ,13.37381675,13.79207853,14.60084211,14.14633001,13.63003955,14.00501043,15.05697634,14.19514148,14.14633001,15.04967841,14.4105176,14.06288938,,
PC 38:5 Isomer B  ,16.84327089,16.71342679,16.8677493,16.71472848,16.59994189,16.66971554,PC 36:0 ,13.28569119,13.64193884,14.98303812,14.3693247,13.14258575,13.36358725,13.31769525,12.5943246,12.64813285,13.26458921,12.84627391,12.14306428,,
PC 38:6 Isomer A ,16.73933233,16.1991547,16.66240413,16.65607566,16.67479915,16.58275944,PC 36:1 ,20.24243332,20.9205026,21.69632957,21.34202257,20.68393182,21.08024176,20.6358474,19.77073002,19.85488208,20.65347052,20.04313144,19.37857004,,
PC 38:6 Isomer B ,19.62289011,19.35927986,19.58286416,19.19551159,19.21833619,19.15220065,PC 36:2 ,20.70485772,21.20918858,21.65740699,21.50523733,20.65408793,20.99952112,21.53240444,21.14471114,21.09780325,21.46505517,21.20912431,20.88926703,,
PC 38:6|PC 16:1_22:5,15.94759128,15.43531215,15.813205,15.6598287,15.61792656,15.54779827,PC 36:3 Isomer B ,16.98088707,17.82339212,18.9241601,18.43403768,17.20548782,17.77015412,18.9354586,18.1125515,18.15789953,18.93245123,18.38994217,17.79807938,,
PC 38:7 Isomer A,9.654636029,10.33985,10.60084211,8.573647187,8.361943774,8.689997971,PC 36:4 Isomer A ,15.19294774,15.83382896,16.57301102,16.26214991,15.09403644,15.73320073,16.84243629,16.04561037,16.13143499,16.9107247,16.40137954,15.90291678,,
PC 38:7 Isomer B,16.6145517,16.04392442,16.5320058,16.18338338,16.11097261,16.05487984,PC 36:4 Isomer C ,17.43407434,18.07162472,18.49204485,18.26835924,17.97181857,18.26095628,18.7095988,18.2037399,18.25071478,18.71938548,18.34546589,18.13148021,,
PC 39:2,13.59688857,13.10115498,13.51199967,13.03771853,12.99329224,13.04165915,PC 36:5 Isomer A ,10.82257083,10.50183718,11.033423,11.27844946,10.68474862,9.703903573,10.04028972,10.85953479,11.04371086,10.87651695,9.002815016,10.90312868,,
PC 39:3 Isomer A,13.7208855,13.59093786,13.68266546,13.98779693,13.85642553,13.94690627,PC 36:5 Isomer C ,12.92703717,13.46976899,14.08264804,13.77148947,12.90895548,12.96848681,15.35428382,13.93073734,14.18619164,15.37558251,14.47914869,13.83949907,,
PC 39:3 Isomer B,12.90989308,12.69609817,12.84293956,12.85564717,12.80392929,12.85272456,PC 36:5 Isomer D ,15.04443681,15.68723898,16.65659245,16.0225412,15.24510699,15.63761545,17.19573745,16.24432667,16.78064229,17.16454362,16.46959413,16.06213048,,
PC 39:4|PC 18:1_21:3,12.87478928,12.8103708,12.81898154,13.15955603,13.24228095,13.17227123,PC 36:6 ,10.98299357,11.55794229,11.42259043,11.07347215,11.14593215,11.63026713,12.74083483,12.30748545,12.11439305,12.71596199,12.00947875,12.08381171,,
PC 39:6 ,12.1589252,12.08646799,12.16898544,12.28395649,12.23391921,12.23092109,PC 37:2 ,15.08679969,15.66902344,16.70460615,16.30287093,15.15018361,15.64363075,16.37196377,15.59717964,15.71922837,16.31534418,15.86875023,15.34793274,,
PC 39:7,12.6617781,12.18084157,12.68321395,12.16459272,12.1382718,12.06507949,PC 37:3 ,13.41943355,13.63140445,14.80881338,14.22347384,13.73343908,13.65485975,14.49078821,13.7198166,13.72919586,14.35576402,13.98361713,13.42416629,,
PC 40:1|PC 21:0_19:1,13.54194359,13.09885455,13.4566111,12.70390357,12.64723355,12.60894781,PC 37:4 ,13.096221,13.25251761,14.10566302,13.64835758,13.39553414,13.57258181,13.51459078,13.46760555,13.22596053,13.87267488,13.37544676,13.35383602,,
PC 40:2|PC 18:1_22:1,16.16182078,15.68395409,16.11176736,15.57675004,15.53342099,15.48573499,PC 37:5 ,13.51643873,13.58378795,13.89481776,12.16741815,13.61597441,13.86785786,13.08231539,11.4767462,10.48784003,12.41309898,12.66888498,13.78443037,,
PC 40:3,15.50081077,15.10144227,15.37340896,15.51794614,15.45262735,15.45445996,PC 37:6 ,11.82694565,11.8273427,12.16239133,12.01785233,11.82813648,11.57270023,12.25561875,11.68474862,11.76901132,12.34096276,11.89557528,12.10459875,,
PC 40:4 Isomer A,14.77349984,14.66766598,14.81092303,14.90486978,14.88001393,14.91620604,PC 38:1 ,15.08081753,15.57006322,17.00948968,16.27625165,15.27055084,15.57379509,15.78573342,14.88831517,15.02859678,15.79555775,15.1435028,14.547015,,
PC 40:4 Isomer B,15.75138714,15.69018899,15.80999416,15.62659314,15.49272947,15.67749943,PC 38:2 ,17.24575694,17.98244774,18.97471426,18.45579276,17.40024572,17.86491157,19.1448723,18.17320377,18.22119532,19.04644461,18.32567877,17.65352388,,
PC 40:5 Isomer A ,16.73271067,16.72131284,16.76580407,16.6485542,16.56749566,16.67771964,PC 38:3 ,16.52961356,16.98913945,17.98152269,17.51148243,17.00377043,17.20292731,16.76110967,16.45298119,16.45686774,16.99261753,16.46762147,16.30538491,,
PC 40:5 Isomer B ,13.71789058,13.70854507,13.79075575,13.66200072,13.5851973,13.71231204,PC 38:4 Isomer A ,12.66333572,12.71360131,12.74546425,12.81858218,12.77971936,12.942881,12.84803604,12.87286723,12.94452906,12.77746081,12.71102162,12.89538594,,
PC 40:6 Isomer A ,17.40320347,17.21470805,17.40282888,17.38858914,17.35049897,17.32750002,PC 38:4 Isomer B ,15.52805724,16.27330389,17.12438388,16.75017048,15.82654849,16.26082767,16.58164194,16.04052518,15.93617782,16.63550558,16.23685507,15.82159961,,
PC 40:6 Isomer B ,17.51026967,17.3710449,17.53696808,17.23909502,17.11627288,17.27739638,PC 38:4 Isomer C ,17.27891221,17.26237935,17.38204981,17.25877764,17.86221963,17.6899775,16.62060646,17.04789074,16.88558914,16.9623877,16.8623831,17.09756924,,
PC 40:7 Isomer A ,14.82788847,14.54067294,14.75206698,14.25893402,14.11723725,14.17305246,PC 38:5 Isomer A ,17.2220779,17.72155316,18.16985651,17.99600999,17.60269887,17.94099028,18.02985337,17.65368481,17.66600897,18.1168465,17.75594378,17.56172798,,
PC 40:7 Isomer B ,18.85370247,18.77646195,18.84949062,19.03365421,18.99324248,18.96770753,PC 38:5 Isomer B ,14.41184196,15.17920934,15.85452753,15.58234783,14.84764464,15.2751424,15.64962107,14.96988113,15.01659068,15.74774718,15.25059451,14.81393146,,
PC 40:8 ,15.09139406,14.63554809,15.10382052,13.98058589,13.31614008,14.03780431,PC 38:6 Isomer C ,13.96659557,13.75780667,13.9708249,13.78023217,13.96596461,13.88598229,13.89472305,13.87757172,13.99735593,14.05494342,13.79065395,13.95082925,,
PC 42:10 ,15.29809838,14.82888026,15.25985358,13.21916852,13.09951219,13.41837972,PC 38:7 ,12.26209485,12.17023805,13.00527366,12.49859993,12.02652344,12.3089078,13.67991988,12.69196156,12.65060302,13.71263447,12.9279631,12.5085376,,
PC 42:2,14.71032215,14.21219237,14.61735267,13.63117706,13.56807487,13.47027756,PC 38:8|PC 16:2_22:6,7.686500527,8.348728154,9.025139562,8.686500527,8.640244936,8.257387843,6.491853096,7.459431619,9.324180547,8.139551352,8.28077077,8.442943496,,
PC 42:2|PC 24:0_18:2,10.13314221,9.273795599,10.28771238,9.865733271,9.794415866,9.525520809,PC 38:9,6.285402219,7.515699838,7.531381461,5.781359714,6.87036472,6.409390936,7.417852515,6.442943496,6.64385619,5.832890014,6.189824559,7.531381461,,
PC 42:3,13.5951409,13.22052948,13.57187113,13.45763738,13.51101135,13.44242519,PC 39:4 ,11.97584797,11.82694565,12.38909352,12.07514484,11.95564991,12.11958962,12.08181628,11.8419574,11.92518352,12.24495839,11.59105477,11.8494051,,
PC 42:4,12.56771846,12.03239017,12.34512799,12.25856603,12.27525154,12.29605584,PC 39:5 ,12.42574042,12.67176219,13.33608808,12.99081308,12.84803604,12.9931153,13.00369358,12.67904019,12.91830423,13.32319553,12.83308774,12.66422504,,
PC 42:5 Isomer A,13.43684165,13.3426303,13.37815936,13.39097501,13.30691611,13.40660363,PC 39:6 ,12.17305246,12.4714212,12.59198977,12.36139553,12.54182262,12.6553071,12.20731943,12.3376219,12.28800089,12.51569984,12.45146871,12.6570951,,
PC 42:5 Isomer B,12.54809942,12.44320258,12.5464122,12.4278366,12.27815903,12.34374092,PC 40:1 ,13.033423,13.41508153,14.17320865,13.64992976,12.77169579,12.93295289,13.37598969,12.91793144,12.86611979,13.38505349,13.18394547,12.57908018,,
PC 42:6 Isomer A,13.78105229,13.74104558,13.79156991,13.76870125,13.66378045,13.70022295,PC 40:10|PC 20:5_20:5,#VALUE!,6.303780748,7.813781191,6.768184325,7.312882955,6.392317423,7.851749041,8.184875343,8.103287808,7.357552005,7,#VALUE!,,
PC 42:6 Isomer B,12.70800613,12.60084211,12.81478272,12.72770778,12.74273048,12.70455212,PC 40:3 ,12.83427352,13.29791932,14.90895548,14.17000327,12.9465408,13.39513244,14.10705357,13.27058734,13.22249305,14.12088584,13.38815186,12.70411979,,
PC 42:7|PC 20:1_22:6,14.49229135,14.38660351,14.51033149,14.44695404,14.38316426,14.37456407,PC 40:5 Isomer A ,15.88552956,15.83143096,15.775996,15.76466429,16.44065833,16.2389458,15.52163111,15.87002751,15.73161072,15.77612456,15.73537092,15.98479671,,
PC 42:8,14.58672253,14.52405192,14.60779264,14.05959796,14.0233212,14.09391268,PC 40:5 Isomer B ,13.24837235,13.59851781,14.27815903,14.05392588,13.89235308,13.88988417,13.55865987,13.5796695,13.47573343,13.98281537,13.42101286,13.36918836,,
PC 42:9,15.07664861,14.64976139,15.01963416,13.43006046,13.30206767,13.48268193,PC 40:6 Isomer A ,13.04183024,13.62935662,14.54966436,14.08231539,13.44320258,13.86872611,14.42940674,13.61010206,13.62365291,14.44805176,13.91793144,13.51187617,,
PC 44:10,13.17398937,12.88054013,13.10115498,11.99081308,11.72664392,11.88950396,PC 40:6 Isomer B ,16.27042309,16.5547687,17.19687103,16.91779162,16.8685091,16.94738581,16.56182492,16.64147321,16.64630556,17.01302819,16.64363075,16.64506732,,
PC 44:11|PC 22:5_22:6,14.21249639,13.76994113,14.13402516,12.28308835,12.26678654,12.2647358,PC 40:7 Isomer B ,14.67259108,15.43025652,16.49238524,15.89005048,15.27044134,15.67156871,16.49419932,15.3130956,15.50373259,16.5464122,15.74220416,15.20262127,,
PC O-30:0,19.22595112,19.05349639,19.22520037,18.307481,18.23195708,18.30395908,PC 40:8 ,12.08347933,12.22972009,13.20028561,12.29920802,12.7084373,12.73068241,12.98850718,12.30492167,12.26209485,13.3553511,12.5643877,11.7968508,,
PC O-30:1,16.61008764,16.04855073,16.50675696,16.32349463,16.33168674,16.19217721,PC 40:9|PC 20:4_20:5,9.266786541,8.471675214,9.977279923,9.052568051,8.930737338,9.339850003,9.845490051,9.06608919,9.794415866,9.169925001,9.157346935,8.06608919,,
PC O-31:0,14.85486838,14.90176256,14.89723097,14.22633693,14.25007631,14.29877858,PC 42:10 ,11.28019079,11.06944977,12.07347215,11.78871833,11.62342429,11.85642553,11.50878516,11.56985561,11.37991982,11.82654849,11.00632608,11.30947635,,
PC O-32:0 ,19.31668591,19.17796936,19.29921696,18.38015664,18.32139086,18.37596,PC 42:11|PC 20:5_22:6,7.912889336,8.199672345,8.438791853,7.882643049,6.459431619,8.038918989,8.515699838,8.103287808,8.312882955,8.721099189,8.614709844,8.994353437,,
PC O-32:1,20.68221452,20.52112882,20.66680218,20.41083121,20.35363791,20.41520947,PC 42:2 ,12.942881,13.40407714,14.2875681,13.70574037,12.69957245,13.20853921,14.11040174,13.44617867,13.43332463,14.12928302,13.62890115,13.39553414,,
PC O-32:2,16.57618907,16.31034651,16.54073348,16.7178772,16.66744423,16.64457454,PC 42:5 ,11.2467406,11.9162527,12.78443037,12.31118066,11.50133962,12.12509054,12.18920683,12.1049263,11.70865284,12.56866869,11.92777796,11.88073144,,
PC O-32:4,12.03994716,11.44604941,11.93295289,11.83209885,11.74399286,11.77313921,PC 42:6  Isomer A,12.09407769,12.18518517,12.00351791,11.96542357,12.59292416,12.49585503,12.59502432,12.36440828,12.08414401,12.26238852,12.15671514,12.42705089,,
PC O-33:1,16.61925996,16.58271535,16.62057782,16.27975566,16.24060502,16.25375517,PC 42:6 Isomer B,10.82495874,11.55026581,12.27175481,12.0261776,12.26883437,11.86882255,11.77478706,11.36905201,11.6183855,11.81297947,11.17866485,10.91139199,,
PC O-34:0 ,16.57519945,16.13235915,16.55383925,15.97569126,15.92946647,15.94537525,PC 42:7 ,12.51766939,12.52478655,13.59315766,13.12331312,12.7071434,12.93737382,13.80866258,13.14178784,13.08563843,13.91569268,13.16191917,12.91401133,,
PC O-34:1,21.35532582,21.22261392,21.3696426,20.81011658,20.74458915,20.77939395,PC 42:8 ,11.31741261,11.93957921,12.16207657,11.81658371,11.62616532,11.8761332,11.7652861,11.07748336,11.2997804,11.91288934,11.41574177,11.06272077,,
PC O-34:4,14.58982667,14.871424,14.68233627,14.64734599,14.64610864,14.70347105,PC 42:9 Isomer A,10.78299821,11.24079133,11.83130724,11.14784089,11.39124359,11.66222331,11.6379833,10.87958325,11.00422047,11.99647349,11.45635442,10.79603961,,
PC O-34:5,12.0950673,11.65508345,12.01122726,12.48305998,12.37721053,12.48934624,PC 42:9 Isomer B,11.942881,12.73724734,13.3885555,12.91755856,12.57553925,13.05866825,12.23601419,11.70303839,11.85525783,12.54424001,12.06406908,12.00351791,,
PC O-35:1,15.80692716,15.56536988,15.77686993,15.06982734,15.02816508,15.04358272,PC 44:11|PC 20:5_24:6,8.77148947,9.142107057,10.67330908,9.625708843,9.769837844,9.791162889,10.33315535,9.4325419,9.763212367,10.18239435,9.906890596,9.729620744,,
PC O-35:4,12.79522797,12.81858218,13.09918341,13.09803208,13.16065931,13.03823313,PC 44:12|PC 22:6_22:6,8.982993575,8.396604781,9.661778098,9.469641817,10.08878824,9.859534786,9.424166289,9.197216693,9.73809226,9.73978061,9.192292814,8.73809226,,
PC O-36:0,12.57270023,12.23930017,12.56367296,12.20304206,12.22550872,12.26209485,PC 46:12,4.459431619,7.366322214,7.022367813,0.01,6.820178962,6.523561956,8.566054038,7.622051819,8.209453366,7.238404739,7.918863237,6.189824559,,
PC O-36:1,17.82587803,17.36077851,17.74773407,16.87916441,16.7453198,16.73921365,PC O-30:0 ,15.60345249,16.27257511,17.19039379,16.78263995,15.13743148,15.66544696,18.97976848,18.27202374,18.4792316,18.85983807,18.37975064,17.75517447,,
PC O-36:2,19.66410349,19.49247131,19.65411853,19.49313422,19.45071389,19.47264325,PC O-30:1 ,13.18115226,13.81307971,14.86901542,14.29863541,13.25429051,13.77571315,16.71288967,15.86732701,16.00928191,16.5370667,16.05207977,15.48658366,,
PC O-36:3,17.9871252,17.83225341,17.96053936,17.89396508,17.82719382,17.91938711,PC O-32:0 ,17.67508871,18.29189913,19.32618368,18.97496067,16.96848681,17.6256161,19.67598803,19.09553095,19.27177988,19.56452539,19.24733881,18.68893324,,
PC O-36:5,16.50988323,16.45632233,16.50273859,16.87393669,16.82598979,16.81054653,PC O-32:1 ,15.59344948,16.21619641,17.50352297,16.79038668,15.96988113,16.33906708,17.53147284,16.5775616,16.80122839,17.45317416,16.85351668,16.23309535,,
PC O-36:6,13.73407449,13.30492167,13.74072944,14.10991225,14.09102209,13.99850229,PC O-32:2 ,14.09514974,14.82017896,15.78473707,15.37666806,14.23608896,14.57139714,17.60761206,16.72757484,16.84717972,17.49627646,16.93603976,16.34433059,,
PC O-37:2,14.63792672,14.22437858,14.57299622,14.09077405,13.99629694,14.01941698,PC O-33:0 ,12.65418847,13.06793848,13.75070699,13.19028768,12.19537221,12.75279876,14.86640962,14.04200131,14.23556552,14.89751461,14.24844648,13.54242735,,
PC O-37:6,13.0869655,13.15260174,13.19921223,13.58155368,13.605248,13.56843119,PC O-33:1 ,11.93553341,12.37150441,13.4152136,13.19398729,11.98049664,11.88607758,13.77128312,13.1205619,13.05579081,13.57707472,13.32065954,12.81197669,,
PC O-38:1,14.25790342,13.84136778,14.14505646,13.17180229,13.2737956,13.19706308,PC O-33:1|PC O-17:0_16:1,14.82262062,13.85028452,14.67358513,14.58008187,15.6664182,14.43697175,14.99183182,14.17539361,14.58596011,14.24324838,14.59228183,14.6534609,,
PC O-38:2,15.89292222,15.44086917,15.8181827,15.37463199,15.19548756,15.20453294,PC O-33:5 ,16.87091853,17.40263738,18.23802681,17.93824145,16.87806289,17.31259938,18.51839191,17.8492707,17.87004558,18.489111,18.14852623,17.61815605,,
PC O-38:3,16.29418994,16.12201908,16.25679839,16.60556633,16.58694238,16.58202434,PC O-33:6 ,13.56783727,14.02626407,14.56397081,14.35052487,13.69152544,13.91970134,15.25609809,14.74283572,14.80488727,15.25336739,15.1108503,14.70282201,,
PC O-38:4,13.4311058,12.9822806,13.3659123,12.61125539,12.50506719,12.36877926,PC O-34:0 Isomer A,15.61654884,16.20550691,17.17608547,16.84141693,15.2905229,15.81935584,18.33171298,17.5731146,17.76312806,18.17389669,17.78125725,17.15950675,,
PC O-38:5,15.07910973,15.15537167,15.16034417,15.20009399,15.14585256,15.17359907,PC O-34:0 Isomer B,15.59557802,15.97385429,17.26888005,16.63921351,14.90787648,15.40534094,16.61188933,15.83306302,15.82808689,16.47443478,16.11396594,15.48780864,,
PC O-38:6,15.43895425,15.32874504,15.44650179,16.08206586,16.07217448,16.05333199,PC O-34:1|PC O-18:1_16:0,18.47437932,19.27511966,20.43622964,20.00154564,18.10838152,18.78401174,21.50977984,20.87267488,20.99095777,21.40820948,20.99875087,20.38671822,,
PC O-38:7,14.42554375,13.91429169,14.3416578,15.03066714,15.09655045,14.95137579,PC O-35:1 ,13.66233459,13.42495357,13.36536557,13.18920683,13.21871458,13.26678654,13.63787013,13.56688649,13.65150022,13.9895719,13.65832307,13.41956523,,
PC O-40:1,12.58120058,12.38289417,12.63231366,11.51717725,11.5674808,11.59339112,PC O-36:1 ,14.93815528,15.40763291,16.81193908,16.10191414,14.51896045,14.84441155,17.63174547,16.54618608,16.72115261,17.52804198,16.77445249,16.12513091,,
PC O-40:2,14.21742764,13.84509796,14.12031889,13.45327063,13.36959735,13.34651373,PC O-37:0 ,11.2737956,11.96144969,12.15450169,11.8587581,11.73470962,11.33483193,12.18332522,11.47927503,11.49685378,11.95637616,11.79887677,11.40620501,,
PC O-40:4,14.38377178,13.96488232,14.33915409,14.25827158,14.20968181,14.13049012,PC O-40:10 Isomer A,8.159871337,7.339850003,8.005624549,8.675957033,6.459431619,8.038918989,7.592457037,8.499845887,9.278449458,8.199672345,7.539158811,7.894817763,,
PC O-40:5,15.87048513,15.73505353,15.88321604,16.37471688,16.30705847,16.32569194,PC O-40:10 Isomer B,7.864186145,7.614709844,7.965784285,7.707359132,8.804131021,8.285402219,7.076815597,8.761551232,6.781359714,7.491853096,7.159871337,7.569855608,,
PC O-40:6,17.15461047,17.02331037,17.16671231,17.72649758,17.65042071,17.6454966,PC O-40:2 ,9.461479447,10.03617361,9.726218159,9.792790294,9.271463028,9.283088353,11.77396337,11.43775207,11.65329295,12.08978149,11.33817925,10.90914305,,
PC O-40:8,13.94278938,14.05942896,14.09044328,14.47326181,14.46894217,14.47541679,PC O-40:2 or PC 40:2e ,11.84352853,12.23930017,12.7934001,12.4429435,11.11569395,11.3858624,13.14210706,12.38289417,12.8419574,12.98263713,12.52160044,12.07380685,,
PC O-42:3,12.26766454,12.05052891,12.16961188,11.94580958,11.97548976,11.91550596,PC O-42:11,8.353146825,7.768184325,7.930737338,7.321928095,7.584962501,7.400879436,6.285402219,8.06608919,8.527477006,9.177419538,7.622051819,6.409390936,,
PC O-42:5,12.36741475,11.97477307,12.31373335,12.11341661,12.074476,12.10885112,PC O-42:2 or PC 42:2e ,10.18982456,10.78790256,11.04165915,10.86882255,10.08081753,10.36741475,11.31118066,10.76071995,11.02513956,11.15924065,10.75572215,10.77148947,,
PC O-42:7,12.26561505,12.37259303,12.33287573,13.1401907,13.04695345,13.09885455,PC O-42:7 or PC 42:7e ,10.44604941,10.39981196,10.4767462,10.60455323,10.53040634,10.18239435,11.11309098,10.55937709,11.04028972,11.28886607,10.54399845,10.50382574,,
PC P-32:1 or PC O-32:2 ,15.79702818,15.6814855,15.82207285,16.25644828,16.24612821,16.18864679,PC P-32:1 or PC O-32:2 ,11.29920802,12.40087944,13.19567979,12.72174005,11.31344994,11.73935871,15.16061992,13.97244137,14.12185725,15.01846101,14.24466114,13.42390377,,
PC P-34:1 or PC O-34:2 ,19.1026652,18.99055828,19.11452523,19.03481777,19.01826811,19.00144393,PC P-34:1 or PC O-34:2 ,15.17145048,16.05934446,17.15826451,16.73135881,14.74903138,15.62844554,18.93320942,18.01864574,18.17943777,18.81256278,18.22855098,17.51186845,,
PC P-36:1 or PC O-36:2 B ,15.94674639,15.55889898,15.89864862,15.34151882,15.24362029,15.35913184,PC P-34:2 or PC O-34:3 ,13.02444712,13.8847429,14.92081805,14.45949566,13.40779885,13.8207773,16.18623033,15.47154821,15.56825304,16.13546882,15.70303839,15.04814625,,
PC P-36:3 or PC O-36:4 ,19.26221416,19.06256268,19.25611192,19.25358438,19.18581187,19.22485665,PC P-36:1 or PC O-36:2 A ,15.52576548,16.35548875,17.57631457,17.10342101,15.30922764,15.96873428,19.23946334,18.43940481,18.63722274,19.09753066,18.51693881,17.97242454,,
PC P-36:4 or PC O-36:5 ,18.07406827,17.75240025,18.24521379,18.27652429,18.55585105,18.60298152,PC P-36:1 or PC O-36:2 B ,13.44022033,14.00465939,15.25805069,14.58178903,13.48758885,13.72024426,15.66188941,14.85764088,14.86302471,15.54647249,14.82689601,14.50500515,,
PC P-36:5 or PC O-36:6 ,15.34415718,15.20120501,15.31142904,15.7652602,15.777769,15.68192467,PC P-36:2 or PC O-36:3 ,14.54737656,15.33863194,16.31089675,15.87241036,14.81833252,15.1916376,17.30893446,16.43467709,16.57302581,17.22185141,16.5070513,16.01179507,,
PC P-38:2 or PC O-38:3 ,15.11894107,14.88459983,15.1224236,15.37493758,15.3301466,15.30848124,PC P-36:4 or PC O-36:5 ,13.84568606,14.53174696,15.34772517,14.90820495,14.57778285,14.93055255,16.15527283,15.53266031,15.55548786,16.13260014,15.68685612,15.15402694,,
PC P-38:3 or PC O-38:4 Isomer A ,16.94862959,16.93272226,17.07383822,17.28554671,17.22596053,17.23578987,PC P-36:5 or PC O-36:6 ,10.2467406,12.21036695,12.77272695,12.62867336,12.18053081,11.68299458,13.36098422,12.85272456,12.89784546,12.88664921,12.92407019,12.61677855,,
PC P-38:3 or PC O-38:4 Isomer B ,16.06396379,15.91164946,16.06480591,16.20737663,16.14563368,16.21774949,PC P-38:2 or PC O-38:3 ,12.02236781,13.34137983,14.27343138,13.75384351,12.94306421,13.40607211,14.46964182,13.5258878,13.62707784,14.28821723,13.6255947,13.16176174,,
PC P-38:4 or PC O-38:5 Isomer A ,19.26650748,19.06980637,19.29424829,19.58309379,19.5430186,19.54785474,PC P-38:3 or PC O-38:4 Isomer A ,13.47586007,13.98477446,15.00794706,14.63724751,13.65977296,13.85135865,15.5721969,14.53351225,14.6235386,15.42239333,14.80609644,14.02271457,,
PC P-38:5 or PC O-38:6 Isomer A ,18.29109874,18.01661245,18.24743154,18.1020372,18.01777079,18.03877434,PC P-38:3 or PC O-38:4 Isomer B ,13.444109,14.23892714,15.23821812,14.83308774,13.88988417,14.44734157,15.40087944,14.79299359,14.62690679,15.22990781,14.84622493,14.33692491,,
PC P-38:5 or PC O-38:6 Isomer B ,17.93877555,17.78512675,17.96327429,18.10690538,18.09631366,18.09015895,PC P-38:5 or PC O-38:6 Isomer A ,14.05655305,14.69419463,15.59490772,15.20590777,14.6259371,14.98895091,17.26158076,16.46047189,16.56979629,17.20004608,16.51725416,16.00606305,,
PC P-40:3 or PC O-40:4 ,12.81738343,12.44940661,12.74986943,11.92146906,11.25029842,12.31032876,PC P-38:6 or PC O-38:7 ,13.35974956,13.95945865,14.28301598,14.15813629,14.15069929,14.19675579,14.84431346,14.68928824,14.62084984,14.91452528,14.57801881,14.45994385,,
PC P-40:4 or PC O-40:5 ,14.77884716,14.66060877,14.83762793,14.89822347,14.79998984,14.90477572,PC P-40:1 or PC O-40:2 ,11.268542,10.47876962,10.68650053,10.73978061,11.16113188,10.169925,10.23002044,10.8273427,10.73640193,11.4314976,10.32867493,10.80896417,,
PC P-40:5 or PC O-40:6 ,15.605248,15.57267062,15.67606726,15.74625187,15.67438539,15.68734834,PC P-40:3 or PC O-40:4 ,11.55074679,11.88149638,12.75634783,12.49810124,11.3858624,12.05426514,12.53988579,11.83683936,11.86495992,12.63707766,12.02202097,11.57270023,,
PC P-40:6 or PC O-40:7 Isomer A ,17.5694848,17.41599753,17.57519206,17.85866705,17.76367922,17.82506436,PC P-40:4 or PC O-40:5 ,12.47826403,13.13008787,13.56486399,13.28699085,12.46709603,12.92388455,13.75822321,13.31628153,13.17352099,13.65720678,13.30463652,12.92814822,,
PC P-40:6 or PC O-40:7 Isomer B ,14.12266625,14.11626273,14.13338307,14.19875197,14.10533564,14.18177344,PC P-40:5 or PC O-40:6 ,12.78729043,13.44927764,14.35810171,14.00886627,13.15481811,13.62239506,14.57003356,13.84097457,13.74651432,14.48815396,13.96884676,13.38613194,,
PC P-40:7 or PC O-40:8 ,16.1151656,15.97656412,16.13987106,16.09912176,16.05271663,16.1154298,PC P-40:6 or PC O-40:7 Isomer A ,13.13169622,13.75384351,14.69903015,14.33991958,13.49772712,14.01898253,16.54248781,15.7713605,15.8821415,16.42950482,15.82716901,15.26535866,,
PC P-42:4 or PC O-42:5 ,12.03479896,11.58120058,12.09143539,11.27262978,11.15734694,11.22821744,PC P-40:6 or PC O-40:7 Isomer B ,12.70628016,12.81618368,12.97566887,12.73766986,12.8494051,12.77889848,12.79543092,12.67330908,12.72024426,12.81778312,12.71381608,12.76570049,,
PC P-42:5 or PC O-42:6 Isomer A ,12.37503943,12.2485206,12.39901083,12.87113518,12.79907921,12.80110206,PC P-40:7 or PC O-40:8 ,12.75070699,12.81878187,13.06743436,12.9309221,12.87632509,13.09901899,13.32867493,13.23077102,13.13554898,13.46288565,13.16364968,13.20777696,,
PE 32:0,13.57896229,13.41574177,13.52613241,13.18161817,13.04165915,13.07848442,PC P-42:3 or PC O-42:4 ,8.861086906,8.366322214,8.885696373,10.62479546,10.88340699,10.8153833,10.71681946,10.11113567,9.710806434,10.48179943,10.04575966,9.436711542,,
PE 32:2|PE 16:1_16:1,15.60897668,15.20705246,15.56417927,15.02626407,14.97804007,14.93382894,PC P-42:4 or PC O-42:5 ,11.34762137,11.82535634,12.32220984,11.71724801,11.21613956,11.16679075,11.36084708,11.23242093,11.18239435,11.58777752,11.22400167,11.20945337,,
PE 34:0,13.18348031,12.85330956,13.14481754,12.72238064,12.73068241,12.74251997,PC P-42:5 or PC O-42:6 Isomer A ,10.19967234,10.86495992,10.97226185,10.19967234,10.59525748,10.80735492,11.09473751,11.15671514,11.04507705,11.21613956,11.05460432,10.58683979,,
PE 34:1|PE 16:0_18:1,18.68639452,18.45365647,18.82737992,18.22836308,18.18100177,18.1211996,PC P-42:5 or PC O-42:6 Isomer B ,11.47065887,11.83091128,12.52674374,12.19629475,11.63344937,11.48884435,11.40087944,11.65821148,11.46862404,11.91101741,11.27612441,11.41732512,,
PE 34:2 ,4.087462841,4.247927513,4.087462841,4.169925001,4.247927513,4.169925001,PC-O 16:0_18:1 ,13.98049664,14.48947169,14.96623506,14.76186284,13.63117706,14.08563843,16.01364981,15.78683116,15.7425726,15.91188348,15.77738375,15.44180947,,
PE 34:3,12.47446646,11.99329224,12.07146236,12.89330153,12.71724801,4.087462841,PE 34:1|PE 16:0_18:1,16.60253939,17.1360599,18.04298989,17.71426564,16.47173871,16.68659627,17.24809435,16.41109716,16.45315808,17.22446337,16.71937545,16.30426218,,
PE 36:1 ,18.46177918,18.20485767,18.42961923,17.93509597,17.88748838,17.92526467,PE 34:2 ,15.25959616,15.74866458,16.64695241,16.22381318,14.7934001,15.25399517,16.9086389,16.11551108,16.14278516,16.90078428,16.35863403,15.90044231,,
PE 36:2 ,2,2,2,2,2,2,PE 36:1 ,17.51496056,18.08337544,19.12377284,18.64899648,17.54326599,17.85532475,17.5937996,16.93993498,16.79943341,17.66523875,16.99292728,16.64113448,,
PE 36:2|PE 18:1_18:1,19.19251918,19.07132356,19.21506369,19.20527064,19.23014009,19.14902513,PE 36:4 Isomer A,13.69076191,14.45468485,15.14513609,14.82550541,14.01941698,14.27670602,14.88163977,14.14258575,14.30990262,14.84343039,14.47281774,14.03625948,,
PE 36:3|PE 18:1_18:2,1.584962501,1.584962501,1.584962501,1.584962501,1.584962501,1.584962501,PE 38:4 Isomer B,16.02552891,16.77846219,17.50374811,17.26776511,16.33021664,16.66241804,17.32300197,16.49009875,16.47628738,17.26040503,16.67665958,16.18733274,,
PE 36:4 ,17.20703339,16.92177122,17.24776066,16.60711355,16.56490863,16.58292111,PE 38:5|PE 18:0_20:5,13.00492268,13.41309898,14.29203399,13.93267613,13.19260105,13.53928,14.16710448,13.73798667,14.10500818,14.23519153,13.74986943,13.30335267,,
PE 36:4|PE 18:2_18:2,2.584962501,2.584962501,2.584962501,2.584962501,2.807354922,2.584962501,PE 38:6 Isomer B ,12.55362929,13.59222342,13.90801726,13.5133575,12.75947212,13.10164745,13.74009696,13.28250931,13.81027037,13.64126152,13.48595506,13.17539361,,
PE 36:5 Isomer B,15.15754431,14.83984349,15.12448485,15.00891002,14.93507294,14.87334798,PE 38:7|PE 16:1_22:6,7.14974712,10.60825482,11.14338321,10.76071995,10.05934446,8.124121312,11.59525748,11.10590851,11.43097517,8.46760555,9.189824559,9.019590728,,
PE 36:5 Isomer C,13.83496477,13.46480098,13.71703375,13.268542,13.1283166,13.0793181,PE 40:7|PE 18:1_22:6,13.43345504,13.65776504,14.40647077,14.07956812,13.29619927,13.51705419,14.48463411,13.98156728,14.11186922,14.38059635,14.07514484,13.64790807,,
PE 38:4 ,19.22871302,19.17241774,19.2951658,19.14617834,19.0627919,19.05721703,PE O-16:1_18:1 ,17.56119843,17.9521554,19.03329125,18.51414384,17.33639323,17.6536918,19.64087509,18.99795678,19.17004485,19.62410825,19.12095164,18.63576417,,
PE 38:5,16.07018385,15.90665576,16.12076437,15.86875023,15.83118352,15.83120826,PE O-16:1_22:6 ,16.09963547,16.52663678,17.41260292,16.97404482,15.94054302,16.38658667,17.56510208,16.76367922,16.84637186,17.5268889,17.14333339,16.59271981,,
PE 38:6 Isomer A,14.33852748,14.11243951,14.28511319,14.19951899,14.09572667,14.24332277,PE O-18:1_20:3 ,14.41541168,14.6703243,15.80259209,15.31086126,14.48135798,14.7073052,15.10037489,14.44112862,14.40647077,15.11926538,14.63271126,14.20457114,,
PE 38:6 Isomer B,16.35750046,16.22098285,16.29160241,15.72552603,15.72478028,15.69092556,PE O-18:2_22:6 ,14.86491157,15.4449825,16.30404823,15.89791634,14.9841514,15.38784905,16.43009314,15.79512648,15.8638233,16.38171192,15.94934798,15.5287288,,
PE 38:7|PE 16:1_22:6,14.35713959,13.96163056,14.33601833,13.87738,13.97154355,13.84519599,PE O-20:1_18:2 ,13.91373091,14.08746284,15.4054739,14.78304938,13.52343944,13.906139,14.60211889,14.01253725,14.25399517,14.79614103,14.02228111,13.63526466,,
PE 40:1,12.97190275,12.60432156,12.80170836,12.43306377,12.44423844,12.39927792,PE P-32:0|PE P-16:0_16:0,12.40301202,12.70951466,13.52245893,13.30149619,12.23182118,12.47421294,12.17804233,11.61792656,12.00492268,12.09308739,11.84313591,11.70649602,,
PE 40:2|PE 18:1_22:1,14.27866724,13.92814822,14.23152121,13.80886365,13.77653584,13.67606726,PE P-36:1 or PE O-36:2 ,16.74338811,16.96946522,18.25821176,17.59594946,16.45431536,16.76923091,17.47601043,16.77494145,16.88187871,17.50075631,16.87101483,16.43682539,,
PE 40:6|PE 18:0_22:6,17.53193729,17.51696189,17.52272711,17.32842074,17.26692376,17.3055007,PE P-36:2 or PE O-36:3 ,16.32208659,16.58925613,17.81119279,17.21919689,16.25270239,16.43898673,18.33205404,17.65876935,17.91763431,18.28927145,17.77885999,17.20178891,,
PE 42:2,14.05010372,13.70509236,13.97091475,13.42101286,13.39994544,13.28540222,PE P-38:5 or PE O-38:6 ,16.5767648,17.0562355,17.97850938,17.56517647,16.68846888,17.08368707,18.22859795,17.53356548,17.61247259,18.23007205,17.83499562,17.28572731,,
PE 42:2|PE 24:0_18:2,9.348728154,9.659995892,9.6794801,9.77807713,9.884170519,8.900866808,PE P-40:5 or PE O-40:6 ,14.5862534,15.09093942,15.92706032,15.52255088,14.71922837,15.04593026,15.34730993,14.82674708,14.8560364,15.34793274,15.04772037,14.66605753,,
PE 44:5,13.0793181,12.72579227,13.02358111,12.69848764,12.75007886,12.66466949,PE-O 18:1_22:6 ,15.33123187,15.95419631,16.69896235,16.26956503,15.47801117,15.8016831,15.71123677,14.98392881,15.05129392,15.68882399,15.35579843,14.8359517,,
PE P-32:1|PE P-16:0_16:1,17.11498267,16.91882831,17.17207586,16.86891899,16.79423816,16.81714606,PI 18:0_20:4 ,14.12452524,14.85028452,15.48413058,15.22686372,14.50531536,14.88159198,15.80843634,15.39764121,15.37788833,15.7230476,15.34789814,14.91900295,,
PE P-34:1 or PE O-34:2 ,19.06347935,18.92162886,18.99531171,18.76092132,18.62854522,18.70351498,PI 34:2 ,10.24079133,10.9505559,11.6635581,11.04234338,10.56795608,10.47978026,12.19967234,11.91923579,12.1411492,12.23481743,12.24466114,11.83011903,,
PE P-34:2|PE P-16:0_18:2,15.15240369,15.05154884,15.16722211,15.2622784,15.20120501,15.2129143,PI 36:3 ,11.94141447,12.07146236,12.4325419,12.05120894,11.41626974,11.62205182,13.31981322,13.09011242,13.04011845,13.27262978,13.05324713,12.8587581,,
PE P-34:2|PE P-18:1_16:1,17.04779491,16.88650633,17.05700808,16.81057163,16.77226302,16.80216292,PI 36:4 ,10.82097669,11.20273604,11.99364606,11.61378946,11.20457114,11.29634268,13.7162836,13.22596053,13.12153352,13.65418847,13.16835873,13.08812569,,
PE P-34:3|PE P-16:0_18:3,13.98067513,13.78402132,14.0742251,14.40686932,14.4065372,14.3836368,PS 40:4,13.3659123,13.57388383,14.20907254,13.90876788,13.16349244,13.34914298,13.35631441,12.64475759,12.66333572,13.38653615,13.10934097,12.86611979,,
PE P-34:4|PE P-14:0_20:4,13.51557665,13.18456545,13.45853478,13.51545346,13.45339926,13.5150838,SM 18:0;2O/21:0 ,10.30492167,10.26561505,8.285402219,11.27321281,9.856425529,10.98584194,10.87036472,10.58683979,0.01,11.11113567,11.89481776,11.20579325,,
PE P-35:4|PE P-15:0_20:4,12.86901542,12.6708775,12.87824254,12.73830341,12.6343573,12.72195361,SM 20:3;2O/24:0 ,11.98797452,12.25177826,13.41031884,12.97638512,11.56700537,11.58261245,12.605248,12.00807841,11.89935692,12.55458885,12.30235333,11.33203655,,
PE P-36:1 or PE O-36:2 ,16.94045125,16.688182,16.902222,16.43758954,16.37756641,16.47097656,SM 24:1 ,17.59127397,17.86841264,19.12256262,18.50528822,17.43478295,17.53374036,19.10776366,18.30813013,18.47733534,19.06836894,18.57214508,17.98126624,,
PE P-36:2|PE P-18:1_18:1,18.87587231,18.66802278,18.84817362,18.60178529,18.57449744,18.58880978,SM 27:3;2O_16:0 ,11.31741261,11.41415668,12.07848442,11.76652891,11.23900176,11.15608308,11.53138146,11.29347165,11.0986901,11.74020239,11.12992693,10.96650545,,
PE P-36:3|PE P-16:0_20:3,16.48614367,16.23715393,16.47775827,16.40529107,16.28904626,16.37323901,SM 29:2;2O/8:0 ,11.09671515,11.59011917,12.34734454,11.62159404,11.436191,11.61194694,12.16647695,12.00386923,11.6794801,11.35700209,10.55074679,11.22821744,,
PE P-36:4 or PE O-36:5 ,19.5388217,19.36822295,19.53733027,19.37013396,19.31594557,19.33181356,SM 34:0;3O ,11.76859788,11.95528665,12.46633142,12.30349538,11.56890615,11.43983088,12.02686921,11.76071995,12.04950825,12.08214904,12.23541594,11.78012962,,
PE P-36:5|PE P-16:0_20:5,16.61976146,16.47479915,16.67736179,16.52354664,16.45813422,16.44025278,SM 35:1;2O ,11.13570929,11.63526466,11.55074679,11.72877085,10.9432474,11.47218312,11.20089861,11.16364968,11.19537221,11.00281502,11.30320995,11.44708323,,
PE P-37:4|PE P-17:0_20:4,14.00974116,13.83229668,13.90425828,14.05883733,13.99019262,13.93138389,SM 39:2;2O ,10.3586512,11.04575966,11.56033283,11.04439412,11.37558251,11.183015,10.59245704,10.82257083,10.29347165,10.96144969,10.54206454,10.39874369,,
PE P-38:1|PE P-18:0_20:1,13.86137774,13.59105477,13.79228193,13.09490241,13.11748077,13.09325249,SM 40:0;3O ,9.761551232,9.475733431,10.47471995,9.457380879,9.915879379,9.469641817,9.216745858,9.695228291,9.519636253,9.505811554,9.159871337,8.658211483,,
PE P-38:2|PE P-18:1_20:1,15.59213581,15.3884546,15.55083695,15.12783315,15.01837407,15.13803176,SM 42:0;3O ,10.66266838,10.61562964,10.54303182,10.70735913,10.76818432,9.968666793,10.54689446,10.77396337,10.88111396,10.2737956,10.54689446,10.76404222,,
PE P-38:3|PE P-18:1_20:2,15.34436527,15.07790055,15.29375901,14.95542288,14.89016926,14.97190275,SM 42:1;3O ,10.42101286,10.41468524,11.16679075,11.13121391,10.39446269,10.34318572,10.47471995,10.50878516,10.68123841,10.46964182,10.03617361,10.42206477,,
PE P-38:4 or PE O-38:5 ,17.50523005,17.32528789,17.46704826,17.43142415,17.371598,17.41469349,SM 42:2;3O ,9.531381461,10.2179577,10.43775207,10.1176431,10.01262454,9.839203788,11.51717725,11.21735191,10.38801729,11.32755264,10.98655315,11.18487534,,
PE P-38:5 or PE O-38:6 ,19.76226848,19.63433248,19.75501143,19.7234743,19.69951993,19.71639414,SM 9:1;2O/38:10 ,9.390168956,10.19229281,11.40141288,10.73301532,10.01541505,10.33203655,12.01680829,10.5372184,11.07347215,11.42940674,11.02583167,10.50183718,,
PE P-38:6|PE P-16:0_22:6,17.01947128,17.20125288,2.321928095,16.9301136,16.7628751,2.321928095,SM d30:1 ,8.30833903,8.087462841,9.35974956,9.240791332,8.247927513,8.84862294,9.73470962,8.475733431,8.86727874,9.658211483,9.978710459,9.705632387,,
PE P-38:6|PE P-18:1_20:5,16.5200508,16.29612756,16.49416807,16.58790934,16.5294153,16.51610012,SM d31:1 ,9.579315938,9.943979914,9.73809226,9.398743692,9.236014192,9.262094845,10.26561505,9.554588852,9.924812504,10.02097994,10.44708323,10.00140819,,
PE P-40:2|PE P-18:1_22:1,13.78524811,13.54399845,13.77571315,13.16018658,13.17008154,13.14194746,SM d32:0 Isomer A,10.5526691,10.72451385,10.89026428,10.53040634,10.48179943,10.25738784,11.49535539,10.38694025,11.04780555,11.44397954,11.1176431,11.2737956,,
PE P-40:3|PE P-18:1_22:2,13.94333898,13.67507492,13.9432474,13.9562854,13.88703017,13.92035286,SM d32:0 Isomer B,8.199672345,8.326429487,8.438791853,8.475733431,6.807354922,8.303780748,8.113742166,8.199672345,8.271463028,7.451211112,8.366322214,7.807354922,,
PE P-40:4 or PE O-40:5 Isomer A ,14.29927958,14.02228111,14.24837235,14.00211178,13.98770812,14.02306125,SM d32:1 ,13.95383268,14.10885112,14.80226391,14.47560678,13.73365092,13.75988818,15.03939033,14.49191571,14.61953223,15.07898469,14.67766459,14.28149541,,
PE P-40:4 or PE O-40:5 Isomer B ,12.26091953,12.2816403,12.40434329,12.15481811,11.94544384,12.16459272,SM d33:1 ,16.88938513,17.2474269,17.96829554,17.59912104,16.53987065,16.65653659,17.80893904,17.21416731,17.42519131,17.84114047,17.48288672,16.99571195,,
PE P-40:4|PE P-18:1_22:3,14.34630596,14.08098403,14.24056776,14.24510699,14.20792945,14.24146185,SM d33:2 ,9.620219826,9.154818109,10.08347933,10.16867212,9.243173983,9.296916207,9.839203788,8.77148947,8.499845887,8.731319031,10.28308835,8.294620749,,
PE P-40:5 or PE O-40:6 ,16.177439,15.94683776,16.10427113,15.94991788,15.9275928,15.91452528,SM d34:0 ,15.48305998,15.98071975,16.79332389,16.40082942,15.16384619,15.27993698,16.58725012,16.17391132,16.26183783,16.53984037,16.35261247,15.84441155,,
PE P-40:5|PE P-18:1_22:4,16.76905007,16.54942371,16.77032837,16.75130868,16.68607643,16.71715427,SM d34:1 Isomer A,13.14799984,13.43397657,13.91932891,13.74525414,12.78647385,12.78238399,13.45468485,13.18053081,13.4166656,13.35231935,13.31259938,12.89216331,,
PE P-40:7|PE P-18:1_22:6,18.66515893,18.40951524,18.65879724,18.60134643,18.56917325,18.58092099,SM d34:2 ,16.04575966,16.30121037,17.01347535,16.6898888,15.41227212,15.47797956,16.11522658,15.5252761,15.60556633,16.12278756,15.76513067,15.40929148,,
PE P-42:3|PE P-18:1_24:2,12.19013332,11.97297979,12.19414124,11.94141447,11.92740761,11.88836274,SM d35:1 ,14.77375737,15.41979563,16.37249101,15.84725314,14.76243395,15.17924822,15.70668487,15.17023805,15.20720502,15.62205182,15.35748328,14.79406043,,
PE P-42:7|PE P-18:1_24:6,13.77653584,13.62388149,13.78350986,13.99081308,13.85759229,13.89358595,SM d35:2 ,14.98952755,15.4496323,16.02874784,15.66736106,14.52631583,14.84803604,14.50686541,14.23144621,14.169925,14.46786024,14.38073161,14.10599033,,
PI 36:3,11.98903964,11.60547952,11.90989308,11.07012094,11.39927792,11.31231575,SM d36:0 Isomer B ,13.74188827,13.98459647,14.89661622,14.4166656,14.34685996,14.26180111,14.13169622,13.7084373,13.6308359,13.99134469,13.73216743,13.8957646,,
PI 36:4,13.82565447,13.3620808,13.71306426,12.56057167,12.52184578,12.46607646,SM d36:3 ,9.607330314,9.815383296,10.27029533,10.01820018,9.556506055,9.465566405,9.596189756,9.204571144,9.493855449,9.912889336,9.515699838,9.438791853,,
PI 38:3,12.22490609,12.13859179,12.18053081,12.36686859,12.32474311,12.40832974,SM d37:1 Isomer B ,12.86495992,13.80896417,13.3858624,13.97602704,13.01941698,13.63639805,13.14290479,12.80896417,13.05816088,13.34748296,12.38208359,12.22972009,,
PI 38:4,15.56227224,15.67159635,15.57447527,15.7054164,15.69403135,15.68233627,SM d38:1 ,15.30844569,15.65379675,16.31767758,15.94674639,15.57707472,15.73714169,16.17301341,15.66124924,15.73693037,16.11650642,15.77164421,15.32772806,,
PI 38:5,14.81172589,14.50674147,14.72983314,13.9432474,13.93709791,13.82833486,SM d38:2 ,14.27321281,14.19090494,14.49341767,14.35190544,14.46518374,14.33497156,13.43645129,13.44798721,13.29404631,13.32080055,13.29949424,13.39446269,,
PS 34:1|PS 18:0_16:1,17.1739601,17.0526105,17.02333203,16.66097081,16.71114264,16.67902644,SM d39:1 ,12.3858624,12.44553222,13.19629475,12.91139199,12.73407449,12.67220432,12.85739789,12.92109709,12.77045742,13.23959853,12.72131284,12.55698496,,
PS 36:1|PS 18:0_18:1,17.81723976,17.80227654,17.67621192,17.49226787,17.49336294,17.49761798,SM d39:2 Isomer A ,12.44759986,12.28598011,12.45968776,12.77478706,12.509775,12.59595674,12.59502432,12.06373212,12.46633142,11.94690627,12.21249639,12.24138736,,
PS 36:2|PS 18:1_18:1,16.20472396,16.04247164,16.0653951,16.01144567,16.00384728,15.98848499,SM d40:0 Isomer A ,13.0390904,13.15212637,14.01663421,13.57565742,13.18223915,13.20792945,13.76393851,13.33817925,13.45481335,13.93350625,13.59898297,13.3278333,,
PS 38:1,13.04984855,12.85018684,12.8474489,12.66422504,12.77787172,12.65754176,SM d40:0 Isomer B ,11.97763769,11.67639789,12.10852446,11.91587938,12.13346335,11.85720347,12.15386866,12.03411115,11.79887677,12.05018877,11.97513146,11.97477307,,
PS 38:4|PS 18:0_20:4,15.31811909,15.20208555,15.2292319,15.23750875,15.20495316,15.18827975,SM d40:1 ,12.58190669,12.39097501,13.06659378,12.69805348,12.63481105,12.36440828,13.06659378,12.59735425,12.69174352,12.90312868,12.53818893,12.25620869,,
PS 38:5,12.65485975,12.31995431,12.47167521,12.48406762,12.51397427,12.41969689,SM d40:2 Isomer B ,15.33109188,15.63631308,16.08422707,15.85955905,15.51128939,15.53396844,15.96108789,15.50158842,15.59584022,16.02095824,15.62433855,15.19644844,,
PS 40:2,13.98646427,13.80715364,13.78320289,13.6359448,13.68956125,13.68595328,SM d41:0 ,10.24792751,9.873444113,10.71596199,10.43671154,10.67419227,10.22641219,10.76735685,10.63662462,10.31288296,10.13699111,10.13185696,9.577428828,,
PS 40:4|PS 18:0_22:4,14.23481743,14.19614103,14.05018877,13.75916,13.79877554,13.83535962,SM d41:1 ,13.56866869,13.7660112,14.08256489,13.84067959,13.77045742,13.58072965,14.41349571,14.12193817,14.07815081,14.4318893,14.24250426,14.04003281,,
PS 40:5|PS 18:0_22:5,15.88874325,15.71298368,15.7566345,15.22588524,15.27000325,15.20273604,SM d41:2 Isomer B ,13.74420315,13.86108691,14.58431662,14.17281813,13.81247817,13.74924094,14.68129332,14.3382489,14.31507878,14.62719187,14.25044647,14.18169581,,
PS 40:6|PS 18:0_22:6,16.54805425,16.44046368,16.40515809,15.95658035,15.98526382,15.973518,SM d42:0 ,10.47876962,10.44501485,11.33427329,10.65642486,10.85486838,10.93442804,11.19967234,11.23720996,10.95782756,11.83209885,11.01262454,11.06474276,,
PS 40:7,12.81157539,12.53138146,12.73110685,12.51914479,12.70692764,12.49135207,SM d42:1 ,16.33967606,16.5542141,17.16124016,16.74138798,16.29329202,16.22648746,17.35041264,16.97719047,17.01266818,17.40780715,17.14110927,16.7957353,,
PS 42:2|PS 18:1_24:1,12.95437809,12.63481105,12.79014483,12.14561378,12.23840474,12.32023645,SM d42:3 ,16.78458373,17.1142507,17.79047578,17.42681346,16.46883084,16.64991573,17.04482099,16.46698455,16.56379211,17.04817819,16.68429661,16.22879991,,
SE 29:1/18:3,9.638435914,9.226412193,9.337621902,8.74819285,8.204571144,8.942514505,SM d42:4 ,12.29433356,12.57790084,12.80916521,12.78851443,12.42259043,12.19444908,13.01436924,12.5526691,12.67991988,12.97620609,12.89519657,12.51766939,,
SM 35:1;2O|SM 16:0;2O/19:1,17.06907209,16.88808919,17.15537167,16.55611683,16.45947965,16.56303237,SM d43:1 Isomer B ,11.26795708,11.08281434,11.60037755,11.56700537,11.35480034,11.40087944,12.42311591,12.02894204,12.09638573,12.29490788,12.35672706,11.88760142,,
SM 35:2;2O,13.77663865,13.29505143,13.6703243,13.22520744,13.2179577,13.17274002,SM d43:2 ,12.24911345,12.1792871,12.49085088,12.32277318,11.9225844,12.03376711,12.97924654,12.74336181,12.71231204,12.88722062,12.88760142,12.55194853,,
SM 35:3;3O,14.17687438,13.59374125,13.98903964,12.93424373,13.04848687,13.08248173,SM d44:1 ,11.49635449,11.46454575,11.87690059,11.64970527,11.09275714,10.33539035,12.28106067,11.98477446,11.81097322,12.36632221,11.91699905,11.91101741,,
SM 43:2;2O|SM 21:0;2O/22:2,13.28727951,12.99629694,13.31953101,12.64205169,12.29548197,12.54906266,SM d44:2 Isomer B ,12.48381578,12.37612539,13.080651,12.60432156,12.0657527,12.20579325,13.35190544,13.17850925,12.96072599,13.45981581,13.10770748,12.8029202,,
SM 44:3;2O|SM 22:1;2O/22:2,13.82505815,13.47497338,13.83802206,13.02288792,13.01837407,13.02721489,SPB 24:0;2O ,11.27786855,10.18611424,10.51963625,10.51865316,10.16741815,9.941047606,9.301496195,13.28395649,10.09803208,11.07481046,10.16364968,9.927777962,,
SM d30:1 ,10.01122726,9.727920455,9.82336724,10.14082977,9.946906274,9.857980995,SPB 25:0;2O ,10.3553511,9.154818109,8.396604781,8.74819285,9.535275377,8.829722735,8.299208018,11.92962828,10.00842862,10.10721708,9.375039431,9.398743692,,
SM d32:0 ,12.94708898,12.46887855,12.86205613,12.05494342,11.97835296,11.8837888,SPB 26:0;2O ,11.56176526,10.63571812,10.46658634,10.8494051,11.00772811,10.44397954,9.596189756,13.38667086,10.65015421,11.3140167,10.68387187,10.36632221,,
SM d32:1 ,16.76595942,16.35200893,16.68552903,16.14972728,16.08054691,16.1267448,SPB 27:0;2O ,8.696967526,7.087462841,0.01,7.599912842,8.290018847,7.554588852,6.491853096,10.71338651,7.960001932,8.144658243,6.62935662,8.596189756,,
SM d32:2 ,11.669328,11.36632221,11.73766986,11.75447,11.70735913,11.66044165,SPB 28:0;2O ,11.69696753,10.84235034,10.57175264,10.49884921,10.63571812,10.6926155,10.29691621,13.46569394,10.25502857,11.8004955,10.61746747,10.86341196,,
SM d33:1 ,17.38840415,16.88562488,17.31926638,16.58821687,16.56865385,16.54133866,TG 12:0_14:0_15:0 ,12.08214904,10.07414146,9.447083226,9.961449694,10.10852446,9.233619677,9.231221181,10.62113611,10.6794801,10.94909716,10.37503943,9.612868497,,
SM d34:0 ,17.45373684,17.28921741,17.45983982,17.04367883,16.97454903,16.97094845,TG 14:0_16:0_17:1 ,16.83624765,14.26348929,14.29827741,14.13627023,13.92824076,13.28872191,14.1382718,15.19621789,14.75707743,15.42675614,14.5890659,14.02522609,,
SM d34:1 ,22.25799892,22.08738773,22.2595295,21.83029469,21.84539931,21.79140298,TG 14:1_15:1_16:1 ,11.7477734,9.636624621,9.379378367,9.016808288,9.958552715,8.794415866,9.057991723,10.39446269,9.37721053,9.843921051,9.28771238,8.864186145,,
SM d34:2 ,18.70094087,18.15537167,18.69180485,17.93918892,17.87186915,17.84219072,TG 15:0_16:0_24:0 ,16.2061177,14.12944402,14.06018928,14.10140124,14.18177344,13.62079257,13.44940661,14.73057628,14.34782896,14.86476651,14.34339394,13.8019104,,
SM d36:1 ,19.32325052,19.13875926,19.30032351,18.88306088,18.84392105,18.87952941,TG 16:0_16:4_18:4 ,6.87036472,8.438791853,7.312882955,6.988684687,7.599912842,8.370687407,10.06743436,8.375039431,8.348728154,8.813781191,8.77148947,8.055282436,,
SM d36:2 ,17.42227013,17.37552312,17.38709175,17.4550141,17.43918158,17.44423035,TG 16:0_18:1_19:0 ,14.60761929,13.28511319,13.34040649,13.36577564,13.39580187,13.48658366,13.59642273,14.41659963,14.24592403,14.72451385,14.38869003,14.15868857,,
SM d38:1 ,17.92593106,17.64899648,17.86788802,17.3984097,17.37442822,17.41842913,TG 16:0_18:1_20:0 ,14.31096773,14.16380689,15.44743843,15.15450169,15.09180725,14.83545832,14.85384559,14.69408578,14.72584551,15.40017899,14.56504256,14.16309928,,
SM d40:0 ,12.13282101,11.71681946,12.21158415,11.78381676,11.72579227,11.79725622,TG 16:0_18:5_22:6 ,6.266786541,7.21916852,7.781359714,0.01,7.592457037,6.700439718,6.357552005,8.519636253,7.73470962,7.95419631,6.658211483,7.982993575,,
SM d40:1 ,18.00143019,17.72654414,18.01694427,17.38888338,17.30361132,17.39094143,TG 16:0_22:0_24:0 ,13.83930222,12.70325473,12.19721669,12.26912668,12.32080055,11.5526691,11.63662462,12.96614491,12.69609817,12.90030079,12.49210354,12.2273151,,
SM d40:2 Isomer A ,18.23798015,17.99611484,18.17980221,17.92779532,17.9081463,17.9554172,TG 16:0_24:0_25:0 ,12.63390341,11.83130724,11.66311331,11.3553511,12.28886607,11.76859788,11.54303182,12.24406646,12.44889063,12.3376219,12.42966827,11.29232163,,
SM d40:2 Isomer B ,16.09060867,15.75723373,16.05716678,15.77948853,15.714648,15.83989268,TG 16:1_18:1_30:1 ,9.958552715,9.927777962,10.90388185,10.37937837,10.90914305,9.656424863,11.19414124,11.20518233,10.73978061,11.12863881,10.36741475,10.73047014,,
SM d41:1 ,14.78570788,14.48161025,14.71639079,14.20311855,14.19990235,14.21280033,TG 16:2_18:2_18:3 ,9.8008999,9.677719642,10.05120894,9.71596199,10.40832974,9.73809226,8.303780748,9.962896005,10.83683936,10.41679753,8.30833903,9.936637939,,
SM d41:2 Isomer A ,16.98381751,16.4515975,16.82387721,16.15515422,16.10408681,16.12660365,TG 18:0_18:1_22:0 ,16.60689675,15.01057181,15.75944611,15.40803114,15.33000651,14.79009391,16.05961908,15.94487217,15.81905641,16.42464199,15.98943885,15.64948074,,
SM d42:0 ,11.76113565,11.42574042,11.78586111,11.52796564,11.45224124,11.53576138,TG 18:0_18:1_22:6 ,11.58214198,11.09473751,12.31882522,11.67595703,12.64992976,12.24436384,11.84274318,12.01680829,12.05562137,12.24108938,11.48431942,11.72195361,,
SM d42:1 ,18.10731926,17.6682202,18.06421121,17.36219213,17.33419471,17.33486684,TG 18:2_18:3_18:3 ,14.42606815,14.24235539,13.92072502,14.35376712,14.69370474,14.49204094,13.6237672,14.18192869,14.02911465,14.16584915,14.20411259,14.47148471,,
SM d42:2 ,20.29734284,20.11791065,20.31777583,19.68993486,19.56836253,19.68706465,TG 18:2_20:4_20:5 ,7.894817763,6.475733431,0.01,6.459431619,6.754887502,7.839203788,0.01,7.6794801,7.794415866,6.14974712,7.64385619,7.614709844,,
SM d42:3 ,18.28929397,18.09141472,18.26573865,17.96011509,17.92396577,18.05335851,TG 18:2_20:5_20:5 ,8.071462363,6.988684687,7.768184325,6.129283017,8.271463028,6.285402219,7.977279923,8.184875343,9.164906927,8.361943774,7.727920455,7.055282436,,
SM d44:2 ,14.4767462,14.05112395,14.45282036,13.45507031,13.47256393,13.49448062,TG 18:3_20:1_22:6 ,9.243173983,8.988684687,9.586839788,9.689997971,9.631177056,8.933690655,9.440869168,9.463524373,9.921840937,9.636624621,9.226412193,9.01402047,,
TG 42:0 ,10.61654884,10.13185696,10.47065887,9.162391329,9.238404739,9.459431619,TG 18:3_20:5_22:6 ,6.409390936,6.06608919,0.01,0.01,0.01,6.87036472,6.768184325,7.011227255,6.942514505,8.447083226,6,7,,
TG 44:0 ,13.68923363,13.38653615,13.67198327,11.71896091,11.56510208,11.65015421,TG 19:2_19:2_19:2 ,9.853309555,9.390168956,9.01402047,9.276124405,9.245552706,8.463524373,8.491853096,9.499845887,9.21916852,9.903881846,10.21916852,9.321928095,,
TG 44:1 ,12.79502498,12.1589252,12.78504371,10.97154355,11.10197567,11.08414401,TG 22:6_22:6_22:6 ,7.672425342,0.01,6.129283017,0.01,0.01,0.01,5.906890596,0.01,6.303780748,6.686500527,0.01,5.977279923,,
TG 46:0 ,15.69046184,15.38461514,15.73314776,13.389228,13.3721849,13.47078596,TG 33:0 ,13.99072446,12.38963134,12.38747887,12.36632221,12.53576138,11.76570049,12.08314687,13.10213975,12.52698821,13.06238349,12.56033283,12.28569119,,
TG 46:1 ,15.69894878,15.27109822,15.66971554,13.87958325,13.85778665,13.90632693,TG 38:1 ,11.4655664,10.21431912,10.23840474,10.51865316,10.24555271,10.46760555,10.02236781,11.65015421,11.23900176,12.05799172,11.0175044,11.20823436,,
TG 46:2 ,13.52086418,12.94178124,13.49972134,12.63481105,12.54689446,12.5674808,TG 40:1 ,11.93295289,9.832890014,10.17866485,10.20579325,9.62935662,10.54206454,10.19475685,11.22701419,10.49585503,11.68211676,10.85018684,10.64655871,,
TG 47:0|TG 15:0_16:0_16:0,12.88417052,12.67815996,12.90482275,11.50531536,11.55458885,11.58402294,TG 42:0 ,13.17539361,11.38694025,11.6379833,11.54399845,11.81498294,10.86727874,11.95782756,12.88798213,12.74735383,13.41362793,12.60037755,11.98974928,,
TG 47:1|TG 15:0_16:0_16:1,13.01052811,12.05120894,13.08547246,11.71681946,11.25384748,11.82097669,TG 42:1 ,13.03840463,11.13635034,11.04916787,10.90538701,10.92035286,10.37395266,10.65374078,12.23541594,11.84509796,12.22881869,11.53040634,11.15924065,,
TG 47:2|TG 14:0_16:1_17:1,10.91811785,10.40939094,10.91288934,10.25974326,10.42416629,10.28077077,TG 42:2 ,11.69435789,10.06743436,10.09803208,9.804131021,9.918863237,9.544964433,9.727920455,10.9432474,10.77231457,11.01959073,10.78217919,10.73555602,,
TG 48:1 ,17.82796908,17.49611258,17.87306556,16.00617265,15.96488232,16.05171876,TG 42:3 ,8.924812504,6.977279923,8.375039431,7.539158811,7.988684687,7.392317423,6.409390936,9.290018847,8.103287808,8.927777962,7.491853096,8.413627929,,
TG 48:1 ,13.88817245,13.66555799,14.00834108,12.39231742,12.29347165,12.33259606,TG 43:0 ,13.67131991,11.64790807,11.66711154,11.5849625,11.32642949,11.07414146,11.25089054,12.27961058,11.99506047,12.40700215,11.72238064,10.9893945,,
TG 48:2 ,16.25517614,15.77591887,16.24731563,15.34737915,15.42498637,15.38559281,TG 43:1 ,13.5049431,11.45994385,11.43827206,11.31684718,11.16302064,10.34983409,10.18982456,12.22881869,11.64475759,11.71853288,11.43097517,11.00702727,,
TG 48:3 ,13.09836113,12.51569984,13.03565827,12.98477446,12.8697866,12.83861304,TG 44:0 ,15.08638506,13.16113188,13.25944905,13.20089861,13.20059214,12.36440828,14.14640957,14.5849038,14.48242984,15.17994796,14.28475182,13.66855263,,
TG 49:0 ,12.942881,12.72536626,12.90595104,11.32586758,11.39285404,11.34207467,TG 44:1 ,15.03921895,12.7986743,12.55794229,12.47167521,12.58355293,11.89292222,13.31543264,13.76994113,13.66044165,14.18053081,13.45545566,12.71059122,,
TG 49:1 ,14.73359796,14.44811631,14.77674144,13.25753517,13.19460298,13.32080055,TG 44:2 ,13.71403081,0.01,0.01,0.01,0.01,0.01,0.01,10.71080643,0.01,11.63526466,0.01,0.01,,
TG 49:2 ,13.48947169,13.16867212,13.58941708,12.87094261,12.85992297,12.86882255,TG 44:3,11.15734694,8.962896005,9.303780748,9.317412614,8.033423002,7.960001932,8.658211483,10.3140167,9.891783703,10.01541505,9.933690655,8.527477006,,
TG 49:3 ,10.22881869,10.06877828,10.36303963,10.27262978,10.37395266,10.22520744,TG 45:0 ,15.54330375,13.30349538,13.4228532,13.30249613,13.21856324,12.50878516,13.29347165,14.20792945,13.89604853,14.47116713,13.80362664,13.24822409,,
TG 50:0 ,15.98094284,15.7514656,15.99185396,13.51717725,13.47459321,13.52184578,TG 45:1 ,15.38828642,12.75133484,12.68299458,12.69631556,12.15860969,11.53089398,12.44811631,13.53442448,13.07664861,13.83397716,12.79156991,12.1582941,,
TG 50:1|TG 16:0_16:0_18:1,18.74472874,18.66611996,18.86823477,16.96349444,16.91425665,16.93298748,TG 45:2 ,13.99134469,11.16679075,11.39070637,11.01192607,10.92184094,10.89860139,10.83209885,12.21006248,11.74104558,12.19167615,11.5464122,10.77725532,,
TG 50:2 ,18.5249319,18.17942805,18.56868725,17.84515311,17.83556934,17.87468124,TG 46:0 ,16.54999519,14.69593511,14.95205868,14.92323462,14.80720396,14.15884633,15.97145374,16.23191491,16.11709517,16.68744403,16.14398102,15.64602424,,
TG 50:3 Isomer A ,15.50924924,15.0581186,15.48670935,15.43338983,15.47383256,15.4308772,TG 46:1 ,16.62951315,14.18262713,14.29541022,14.32030697,14.08887104,13.51914479,15.60805264,15.75694717,15.72093893,16.31189019,15.53803733,14.97172316,,
TG 50:4 ,11.52258153,11.11048331,11.52307183,11.86805085,11.96650545,11.84352853,TG 46:2 ,15.60058082,13.01576349,12.94196459,13.05596023,12.63344937,12.12023788,12.98156728,13.81498294,13.54387766,14.02773325,13.22445395,12.74483384,,
TG 51:1 ,14.67513007,14.42888355,14.6944123,13.20747196,13.2038068,13.25841881,TG 46:3 Isomer A ,13.56605404,11.89746734,11.46199095,11.31231575,12.44112862,11.62707784,11.99576715,12.31656439,11.70563239,12.19690944,11.75112558,12.15576694,,
TG 51:2 ,15.22411476,14.87929606,15.2153434,14.49034951,14.47794795,14.54882191,TG 46:4 Isomer A ,10.45327063,9.525520809,9.499845887,9.463524373,9.802516365,9.722807531,9.259743264,9.658211483,9.440869168,9.707359132,9.594324604,10.1711768,,
TG 51:3 ,12.60408986,12.1589252,12.70173964,12.57553925,12.62365291,12.62021983,TG 46:4 Isomer B ,14.80175887,14.53107681,14.34207467,14.67076688,15.05354412,14.7190679,14.1908278,14.48928351,14.50221025,14.67722413,14.57009287,14.65676002,,
TG 51:4 ,10.00281502,9.17990909,10.13699111,10.11634396,10.07280253,10.13442632,TG 46:5 ,9.77478706,10.37177664,9.481799432,9.812177306,9.924812504,8.839203788,10.21310422,9.6794801,9.769837844,10.45121111,9.749869427,9.668884984,,
TG 52:0 ,14.69816204,14.43768706,14.68217164,12.71381608,12.6926155,12.73935871,TG 47:2 ,15.47614496,12.81678368,12.79806672,12.46938744,12.09770296,11.80574387,12.43671154,13.56116859,13.26136039,13.95000904,12.96289601,12.28886607,,
TG 52:1 ,17.70734565,17.48297335,17.7424805,15.77602172,15.75000033,15.79520259,TG 47:3 Isomer A ,13.42232762,10.82892983,11.17679648,10.60362634,10.51766939,9.691743519,10.68737568,11.63163181,10.88264305,11.64790807,10.72024426,10.1176431,,
TG 52:2 ,9.465566405,10.38478375,9.978710459,0,8.326429487,8.672425342,TG 48:0 ,16.89929791,15.48711775,16.2057169,16.16087592,16.00255134,15.64323615,16.86284315,16.89548061,16.8288059,17.50857628,16.87147213,16.36862582,,
TG 52:2|TG 16:0_18:1_18:1,19.23967544,19.14405573,19.36520108,18.72783074,18.69259848,18.68321395,TG 48:1 ,17.56265236,15.74853356,16.07821337,16.04039675,15.94457481,15.51576143,17.55068667,17.37903139,17.3646904,18.07882837,17.36195234,16.90008847,,
TG 52:3 ,17.60454599,17.22876233,17.66998536,17.87817667,17.87784129,17.8943145,TG 48:2 ,16.69567689,14.11991379,14.3746999,14.16859378,13.91960824,13.21810911,15.68359777,15.67021364,15.64835758,16.21407243,15.3944292,14.94850412,,
TG 52:4 ,13.89519657,13.57210806,13.96650545,14.66777684,14.49028682,14.62724887,TG 48:3 ,8.199672345,8.174925683,9.99859043,8.303780748,5.727920455,8.727920455,9.475733431,10.02097994,9.733015322,9.967226259,9.533329732,9.113742166,,
TG 52:5 ,7.882643049,6.523561956,9.654636029,9.022367813,10.52061868,10.03066714,TG 48:4 Isomer A ,16.68551534,16.4293577,16.09578847,16.50003269,16.88036077,16.66756897,15.96036401,16.35622842,16.37920912,16.42705089,16.37162352,16.63618561,,
TG 52:5|TG 14:0_18:1_20:4,13.0610336,12.45481335,12.96253456,12.37612539,12.29433356,12.30149619,TG 48:5 ,10.09143539,10.52552081,10.14847658,9.535275377,10.4252159,9.87036472,9.54303182,10,10.62296694,10.47978026,10.39231742,9.917372079,,
TG 52:5|TG 16:0_16:0_20:5,11.08015131,10.43983088,11.02306125,10.39981196,10.14082977,10.41045135,TG 49:0 ,15.1212502,13.03479896,13.33901487,13.45930353,13.42508474,12.58355293,13.37381675,14.19013332,13.89339634,14.6930513,13.80392929,13.1341054,,
TG 52:6 Isomer A,10.75988818,10.11374217,10.59245704,10.23601419,10.18611424,10.35093918,TG 49:1 ,16.88193844,14.62336713,14.70741306,14.66871882,14.53320804,13.96370892,14.84612697,15.578697,15.28536609,15.9172322,15.18553364,14.61108245,,
TG 52:6|TG 14:0_16:0_22:6,11.6956633,10.75405237,11.38100211,10.27612441,1.584962501,1.584962501,TG 49:2 ,16.5605866,13.97665362,14.01419487,13.99947157,13.76279726,13.0950673,14.04652721,14.81057163,14.54212502,15.04597291,14.28937053,13.73174329,,
TG 52:6|TG 16:0_18:3_18:3,8.224001674,8.361943774,9.142107057,5.807354922,7.965784285,8.400879436,TG 49:3 ,14.36884745,11.69870467,11.97190275,11.72579227,11.43931146,11.05324713,11.7077905,12.73597904,12.45069577,12.93498083,12.26707927,11.53964351,,
TG 53:0 ,10.09407769,3.169925001,9.882643049,8.758223215,9.353146825,9.764871591,TG 50:0 ,12.16176174,11.88722062,12.19997901,12.05934446,12.2737956,12.21401549,11.83959748,12.13635034,11.77602172,12.31061278,11.83011903,11.68737568,,
TG 53:1 ,11.99788513,12.33343492,1.584962501,11.42416629,11.34318572,11.08015131,TG 50:1 ,17.45265952,16.46728712,17.47847735,17.35984391,17.22799191,16.90659705,18.42394479,18.11233769,18.18076874,18.80028378,18.16931827,17.66370402,,
TG 53:2 ,12.51422091,12.39097501,12.84058125,12.03754695,11.52012755,12.03307881,TG 50:2 ,17.14881418,15.73624336,16.38805093,16.30390558,16.12732939,15.75840541,17.65253691,17.33296312,17.46982462,18.00641922,17.29918118,16.90160937,,
TG 53:2|TG 17:0_18:1_18:1,14.96492743,14.7163372,14.97239649,14.29784769,14.29469254,14.32972628,TG 50:3 Isomer A ,12.36550227,11.01611184,11.29289676,10.96144969,11.04028972,10.68123841,11.49135207,11.95237725,11.98085361,12.10230382,11.54158066,11.41837972,,
TG 53:3 ,14.21029084,13.84979602,14.19090494,14.31917816,14.27146303,14.32755264,TG 50:3 Isomer B ,15.45997586,13.05205853,13.57978733,13.28583566,13.27554256,12.66021879,14.39687232,14.36837004,14.74009696,15.01323543,14.1264625,13.7903485,,
TG 53:4 ,11.57364719,11.48280796,11.73851453,12.25886043,12.26737193,12.30720081,TG 50:4 ,13.1803754,11.58355293,11.96578428,11.47269084,11.51520703,11.43306377,11.58871464,12.27029533,12.24881706,12.18456545,12.03960452,12.01402047,,
TG 53:5 ,9.22881869,8.829722735,9.238404739,9.824958741,9.810571635,9.164906927,TG 50:5 ,11.48179943,10.76238204,10.76570049,10.58871464,10.70303839,9.851749041,10.39660478,10.74483384,10.98797452,10.66266838,10.72621816,10.78381676,,
TG 53:5|TG 16:0_17:0_20:5,1,1.584962501,1,1.584962501,1.584962501,1.584962501,TG 50:6 ,9.799281622,8.665335917,8.86727874,9.240791332,8.942514505,8.475733431,8.900866808,9.296916207,9.50779464,8.97441459,8.87958325,9.278449458,,
TG 54:0 ,13.02825143,12.85778665,13.01035327,11.84117119,12.04131692,11.99293834,TG 50:7 ,7.882643049,7.741466986,7.209453366,6.409390936,7.087462841,7.686500527,8.209453366,8.463524373,8.214319121,8.294620749,8.62935662,7.499845887,,
TG 54:1 ,16.04219373,15.69601664,16.02920094,14.30435132,14.23937477,14.2791027,TG 51:0 ,14.643067,13.24807581,13.45763738,13.34914298,13.69620687,12.96090695,13.11829223,13.87459719,13.5512276,14.28106067,13.57127862,12.96920662,,
TG 54:2 ,17.83406978,17.57990515,17.84497541,17.069198,17.05256805,17.10776877,TG 51:1 Isomer A ,13.83338427,12.02444712,12.36577564,12.08580438,12.20457114,11.67154107,12.49884921,13.09060867,12.77581601,13.09951219,12.40992124,12.17367714,,
TG 54:2|TG O-16:0_18:1_20:1,16.30688052,16.09850506,16.37824405,15.91368417,15.90195106,15.9108535,TG 51:1 Isomer B ,15.24703742,13.51051694,13.97064518,13.85057755,13.8671822,13.46989615,14.34983409,14.41117994,14.34561315,15.22411476,14.35789559,13.84146607,,
TG 54:3|TG 18:1_18:1_18:1,18.10491095,17.9700778,18.20704769,18.72908962,18.69975205,18.66898883,TG 51:2 Isomer A ,16.07890132,14.16302064,14.28489638,14.29081084,14.25790342,13.75863964,14.67970001,14.95142133,14.90496384,15.44634024,14.70665789,14.21682163,,
TG 54:4 ,15.33465738,15.01719989,15.3672441,16.16663386,16.09700334,16.10668561,TG 51:3 ,14.84798712,12.472437,12.80916521,12.66222331,12.56152662,12.07547915,12.68650053,13.45121111,13.27321281,13.60351044,12.82017896,12.60432156,,
TG 54:5 Isomer A ,9.885696373,6.965784285,5.64385619,2,8.596189756,2,TG 51:4 ,11.87498135,10.32642949,10.65284497,10.8008999,10.06608919,10.12541347,10.82972274,11.29806257,11.04439412,11.79887677,10.857981,10.45429929,,
TG 54:5 Isomer B ,14.81773317,14.47440309,14.81057163,14.26934587,14.26634734,14.34283861,TG 51:5 ,10.20701432,9.691743519,9.544964433,9.924812504,9.575539247,9.596189756,9.914385132,9.991521846,10.01402047,10.00982862,10.12412131,9.485829309,,
TG 54:5|TG 16:1_18:1_20:3,10.56510208,10.67771964,11.62616532,11.8622499,11.75863964,11.57790084,TG 51:6;O|TG 16:0_16:1_19:5;O,10.05799172,8.948367232,8.885696373,8.74819285,8.317412614,8.54303182,9.64385619,8.836050355,9.805743872,9.5980525,9.136991112,8.933690655,,
TG 54:6 Isomer A ,11.13955135,10.32755264,10.98370619,10.56795608,10.88417052,11.01052811,TG 52:0 ,15.71978987,15.36802894,15.89637971,15.58777752,15.84788928,15.57816627,14.98121049,15.50062406,15.07317923,15.70487629,15.36598063,14.85900086,,
TG 54:6 Isomer B ,13.68013972,13.10443495,13.60640521,13.44889063,13.54821986,13.48532619,TG 52:1 ,16.81380624,16.41598928,17.69572446,17.41499072,17.28937953,17.08186828,17.30857012,17.15638927,17.09925534,17.90030079,17.10669584,16.59177068,,
TG 54:6 Isomer C ,12.20945337,11.6617781,12.21765483,11.98903964,11.91587938,11.84352853,TG 52:2 ,17.37693085,16.82561721,18.06105998,17.97486827,17.73693037,17.49027115,18.60303949,18.33381486,18.44299613,18.9480763,18.27997324,17.79800342,,
TG 54:7 Isomer B ,10.73640193,9.505811554,10.59058705,10.76735685,10.60084211,10.67065625,TG 52:2|TG 16:0_18:1_18:1,12.81898154,12.52454172,12.57151565,12.50928017,12.94818469,12.64543328,12.3777528,12.84666568,13.42560931,12.36905201,12.46505617,12.59688857,,
TG 54:7|TG 14:0_18:1_22:6,13.09803208,12.58660526,13.06928192,13.05816088,12.99488374,12.9612688,TG 52:3 ,16.12597843,15.27036834,15.93025223,15.80513926,15.73433916,15.34592496,16.4174405,16.5504011,16.63915697,16.9127958,16.31626385,15.93539529,,
TG 54:8|TG 16:1_16:1_22:6,9.668884984,8.700439718,9.434628228,10.169925,10.13185696,9.987264012,TG 52:3|TG 16:0_18:1_18:2,12.5075469,12.34374092,12.50382574,11.99116751,12.84529402,12.16679075,11.95819018,12.44423844,13.02876942,11.77930897,12.18332522,12.5372184,,
TG 55:1 ,9.923327485,2.321928095,9.605479518,9.503825738,10.3140167,9.805743872,TG 52:4 ,14.26238852,13.19506456,13.51002236,13.47180221,13.55722435,13.17195862,13.63605812,14.32699117,14.43064856,14.51378927,13.8560364,13.6168934,,
TG 55:2 ,10.73131903,11.43045255,10.30378075,11.63934071,11.96397979,11.76942464,TG 52:5 ,12.3984765,11.66088727,12.01052811,11.46607646,11.96470186,11.45275603,11.92518352,12.45584091,12.72643106,11.27961058,12.24198315,11.52061868,,
TG 55:3 ,13.89092922,13.62696381,13.8559391,14.09176594,14.17195862,14.09242682,TG 52:6 ,10.76818432,10.37503943,11.08547246,10.93221475,10.6617781,10.86805085,11.77355135,11.36194377,11.83959748,11.52061868,11.32755264,11.18611424,,
TG 55:4|TG 17:1_18:1_20:2,11.10459875,10.29347165,11.70217269,12.24079133,12.35562639,12.13923157,TG 52:8,8.038918989,8.400879436,5.95419631,7.257387843,8.076815597,6.169925001,7.475733431,8.918863237,8.569855608,8.45532722,8.257387843,7.77478706,,
TG 55:4|TG 18:1_19:1_18:2,12.21067134,11.82694565,12.04712391,12.86708565,12.86882255,12.95492329,TG 52:9,6.266786541,7.73470962,8.154818109,6.247927513,7.044394119,6.930737338,7.988684687,7.129283017,7.375039431,7.826548487,6.189824559,7.189824559,,
TG 55:5|TG 16:0_17:0_22:5,8.375039431,6.741466986,7.06608919,8.569855608,6.894817763,6.741466986,TG 53:0 ,15.03776142,13.26268214,13.26209485,13.21841188,13.3376219,13.08314687,12.86901542,13.88283407,13.4409989,13.88550573,13.2610665,12.95528665,,
TG 55:6|TG 16:0_18:1_21:5,10.73216743,9.688250309,10.60269887,10.34096276,10.65105169,10.63843591,TG 53:1 ,15.2027743,13.28785664,13.89396508,13.63707766,13.95073814,13.6612214,13.8583696,14.11545012,13.78494151,14.55542794,13.90886168,13.28554671,,
TG 55:7|TG 15:0_18:1_22:6,10.57270023,9.677719642,10.56128795,9.019590728,10.30833903,9.985841937,TG 53:2 ,14.25185221,12.83031713,13.820877,13.59607325,13.76071995,13.5020859,14.16655541,13.8894089,13.95000904,14.74562181,13.89282738,13.53600432,,
TG 56:0 ,12.00737773,11.67286728,12.0317012,10.92925841,10.98655315,11.07146236,TG 53:3 Isomer A,11.66088727,9.174925683,10.12153352,9.727920455,9.861086906,9,10.56414949,10.81938079,11.05528244,10.73555602,9.962896005,9.903881846,,
TG 56:1 ,14.95187661,14.73867285,15.0202855,13.40686932,13.39016896,13.46938744,TG 53:3 Isomer B,14.24213206,12.45249866,13.27903014,13.39981196,13.3324562,13.02045914,13.49635449,13.58742594,13.38559281,13.82813648,13.31189019,12.99982388,,
TG 56:2 ,16.24625814,15.8752694,16.24216928,15.28500479,15.23777014,15.26055205,TG 53:3;O|TG 18:1_20:1_15:1;O,10.46862404,10.12412131,12.07815081,11.11309098,11.06743436,10.04165915,11.41996018,11.40354468,0.01,10.09011242,9.209453366,10.38801729,,
TG 56:3 ,15.21105175,14.84131864,15.16804527,15.62673571,15.58877319,15.63614311,TG 53:4 ,12.79725622,11.04780555,11.55794229,11.06944977,11.52601011,10.58308277,11.58025857,11.69609817,11.73089465,12.06440596,11.51076417,11.37177664,,
TG 56:4 ,14.44326734,14.27946549,14.77566172,15.97674311,15.50627658,15.52025035,TG 53:5 ,10.4325419,9.509775004,10.1176431,9.292321633,9.126704473,9.366322214,10.23720996,10.35093918,10.64205169,11.24138736,10.71596199,9.93516505,,
TG 56:5 Isomer A ,13.00334222,12.59198977,12.89462832,13.57506646,13.61505484,13.659327,TG 53:6 ,9.35974956,8.810571635,8.864186145,9.348728154,9.129283017,8.614709844,9.315149562,10.05120894,9.927777962,9.709083813,9.513727596,9.221587121,,
TG 56:5|TG 16:0_18:0_22:5,14.21629116,13.81758329,14.22799191,13.96749647,13.89254282,13.9712741,TG 53:8;O|TG 18:2_20:4_15:2;O,8.991521846,9.152284842,9.057991723,8.813781191,8.894817763,8.741466986,8.672425342,9.409390936,9.596189756,8.764871591,8.515699838,8.016808288,,
TG 56:5|TG 18:1_18:1_20:3,14.21629116,13.54436077,13.83338427,14.25628241,14.41468524,14.29088282,TG 54:0 ,16.47224659,15.38478375,15.63285324,15.32786837,15.73582042,15.29541022,15.03789009,15.66533592,15.30826792,15.77030255,15.44730928,15.02431725,,
TG 56:6 ,15.13213821,14.77226302,15.17625108,15.14374193,15.15497629,15.18974736,TG 54:1 ,16.08899522,15.29027089,16.25515769,15.9937345,16.0666148,15.71978987,15.69992484,15.88438519,15.67507492,16.1363904,15.73256494,15.31277662,,
TG 56:6|TG 20:1_18:2_18:3,12.60084211,12.08015131,12.82813648,12.74567432,12.58284763,12.71746223,TG 54:10,7.276124405,6.930737338,7.977279923,8.21916852,7.74819285,7.787902559,6.95419631,8.055282436,8.317412614,7.409390936,8.361943774,7.417852515,,
TG 56:7 Isomer A ,12.35590164,11.9248125,12.29462075,12.47294463,12.68079903,12.67242534,TG 54:2 ,16.41223904,16.24711161,17.6773962,17.32985764,17.22244588,16.93917744,17.06352148,16.74563494,16.78238399,17.56647776,16.65127597,16.26605447,,
TG 56:7 Isomer B ,14.73433916,14.38579501,14.80206192,14.69256102,14.58125944,14.68682877,TG 54:3 ,16.71397713,16.14724468,17.36096708,17.19969151,16.88971784,16.6144798,17.15102645,17.25094603,17.2033958,17.69409258,17.00677532,16.58268595,,
TG 56:7|TG 20:1_18:3_18:3,11.12734954,10.65553072,11.09011242,10.83447105,11.36522885,11.13442632,TG 54:4 ,15.09786753,14.20975796,14.71483579,14.57725178,14.75796289,14.25281324,14.59811067,15.51088777,15.30106744,15.74001788,15.11841391,14.51803838,,
TG 56:8 Isomer B ,12.35507575,11.80372753,12.33957168,13.02686921,13.03943317,13.00316651,TG 54:5 Isomer A ,13.87036472,12.89973454,13.05494342,12.97477307,13.40912571,12.67882018,12.95292321,14.11105414,13.89793997,14.42626475,13.70444405,13.07547915,,
TG 57:1 ,11.36522885,12.15450169,12.26590801,10.20823436,10.43983088,10.62388149,TG 54:5 Isomer B ,13.40447635,12.88664921,13.4566111,13.0261776,13.72109919,13.29476432,13.33636708,13.48179943,13.70000615,13.87910457,13.37286506,13.24881706,,
TG 57:2 ,10.666224,10.9248125,9.82336724,10.36303963,9.933690655,10.32418055,TG 54:6 Isomer A ,12.5844928,11.66977089,11.55170826,11.92740761,11.72706956,11.54496443,10.8864587,12.85252951,12.68693817,13.09786753,12.60594244,11.73174329,,
TG 57:3|TG 17:1_18:1_22:1,11.32305476,11.28886607,10.712527,12.33035672,12.45069577,12.28193003,TG 54:6 Isomer B ,7.839203788,7.781359714,8.603626345,7.781359714,7.95419631,8.113742166,8.361943774,7.924812504,8.209453366,7.977279923,8.113742166,7.6794801,,
TG 57:4|TG 18:1_21:1_18:2,11.16679075,11.16741815,10.82495874,12.14561378,11.85330956,11.78912605,TG 54:6 Isomer C ,12.31146452,11.57222651,12.32530546,11.82615121,12.90067816,12.44708323,12.96488232,12.63730412,12.98637538,13.06877828,12.53065018,12.34928123,,
TG 57:5|TG 18:1_21:1_18:3,11.2974895,10.79522797,11.22881869,12.27175481,12.22641219,7.851749041,TG 54:7 Isomer B ,11.75530489,11.37829486,11.71338651,11.35480034,11.96722626,11.60130653,12.04746477,12.03994716,12.82416321,12.29605584,11.92592526,11.96866679,,
TG 57:6|TG 17:0_18:1_22:5,10.51569984,9.548821908,10.52552081,10.85096815,10.92925841,11.22941969,TG 54:8 ,8.224001674,8.741466986,7.906890596,7.087462841,7.257387843,6.768184325,7.209453366,6.375039431,9.019590728,9.084808388,8.30833903,7.882643049,,
TG 57:7|TG 17:0_18:1_22:6,9.579315938,8.569855608,10.12153352,9.6794801,9.271463028,9.477758266,TG 54:9 Isomer B ,7.46760555,9.909893084,9.469641817,9.581200582,9.182394353,8.927777962,8.430452552,9.599912842,9.992938336,8.820178962,8.717676423,8.924812504,,
TG 57:7|TG 17:1_18:1_22:5,8.682994584,8.599912842,8.326429487,9.77478706,9.893301531,9.964340868,TG 55:1 ,15.85384559,13.57281863,13.68682877,13.4677329,13.65441227,13.09143539,13.48482289,14.28569119,13.91251514,14.42842561,13.70065645,13.41626974,,
TG 57:8|TG 17:1_18:1_22:6,0,8.366322214,9.231221181,10.09671515,10.30492167,9.575539247,TG 55:10;O|TG 18:2_22:6_15:2;O,8.214319121,6.988684687,7.665335917,5.930737338,7.033423002,7.257387843,6.087462841,7.400879436,8.951284715,7.813781191,6.409390936,8.266786541,,
TG 58:1 ,14.26788395,14.16804527,14.43208511,12.9242558,13.03497087,12.98121049,TG 55:2 ,14.53125961,12.62273822,13.47851685,13.35548875,13.56985561,13.05883733,13.60513223,13.5844928,13.2511865,14.03109809,13.3416578,12.75217155,,
TG 58:10 ,8.422064766,8.686500527,8.751544059,7.442943496,8.839203788,8.933690655,TG 55:3 ,12.47548013,11.32192809,12.71488943,12.39713981,12.28366717,12.28395649,12.60408986,12.27029533,12.33007655,12.97280034,12.25738784,11.72451385,,
TG 58:10|TG 16:0_20:4_22:6,8.77807713,8.396604781,8.54303182,8.321928095,8.829722735,8.675957033,TG 55:4 ,12.08381171,10.43671154,12.05188866,11.5526691,11.86650621,11.59385794,11.67507492,12.07280253,11.71639079,11.86882255,11.52356196,11.30035256,,
TG 58:2 ,16.01880871,15.82140031,16.12428289,14.95401451,14.91438513,14.91877009,TG 55:5 ,10.06339508,9.224001674,9.063395081,9.285402219,7.794415866,8.535275377,8.294620749,9.269126679,9.276124405,10.08746284,9.691743519,8.214319121,,
TG 58:3 Isomer A,15.61580203,15.24566411,15.55862997,15.53843146,15.44853578,15.46871949,TG 55:6 ,10.30378075,9.63481105,10.07280253,10.11634396,10.33315535,9.773139207,10.68035952,10.5980525,10.88264305,10.99788513,10.25029842,10.13314221,,
TG 58:3 Isomer B,14.21545716,13.92165501,14.1589252,14.02193425,14.17897601,14.16121063,TG 55:7 ,9.400879436,8.968666793,9.403012024,8.965784285,9.789533645,9.157346935,10.2632692,9.611024797,10.11504365,10.35424938,9.541096615,9.417852515,,
TG 58:4 Isomer A,13.80624752,13.50308035,13.86795436,14.78683116,14.73999151,14.75060232,TG 56:0 ,16.46992794,14.75556569,14.98864031,14.79151904,14.88703017,14.14314402,14.67595703,15.35266419,15.07639809,15.54644234,15.11219513,14.54966436,,
TG 58:4 Isomer B,9.074141463,11.74609438,10.43671154,13.33817925,13.33566949,13.18021998,TG 56:1 ,16.97210475,15.07363951,15.92337392,15.5694403,15.50884705,15.08543096,16.02019867,16.09292228,15.98879562,16.34916026,15.9556045,15.64827331,,
TG 58:5 ,13.11341661,12.87229011,13.14863546,13.85486838,13.82942545,13.7957353,TG 56:10 ,9.407267764,9.816983623,9.695228291,9.157346935,9.355351096,9.815383296,8.764871591,9.211888295,10.39124359,9.21916852,9.511752654,9.493855449,,
TG 58:6 ,10.00842862,5.882643049,9.914385132,5.857980995,13.97540019,14.01924322,TG 56:12,#VALUE!,7.636624621,6.820178962,6.584962501,7.366322214,6.727920455,6.584962501,7.366322214,6.285402219,6.554588852,7.434628228,6.442943496,,
TG 58:6|TG 18:1_18:1_22:4,13.97888918,13.63662462,13.92638866,14.00667672,13.97745882,14.01924322,TG 56:2 Isomer A ,12.93129155,12.65306898,14.07706604,13.86292788,13.7111292,13.39553414,13.64532068,13.31330822,13.31826034,13.99612036,13.10558118,13.20975796,,
TG 58:6|TG 22:1_18:2_18:3,11.6794801,10.666224,11.51569984,11.96470186,11.91214086,12.71403081,TG 56:2 Isomer B ,15.36461347,14.78361217,15.9377646,15.48582931,15.63163181,15.25151939,16.03073179,15.83066375,15.72331431,16.16386584,15.73301532,15.37191274,,
TG 58:7|TG 16:0_20:1_22:6,13.15418521,12.7361905,13.14784089,13.09556186,13.06187743,13.18564978,TG 56:3 ,14.53308634,14.32832431,16.08293905,15.72464707,15.51557665,15.1815017,15.53296463,15.04298455,15.23541594,15.80216292,14.9909903,14.61958954,,
TG 58:7|TG 18:1_18:1_22:5,13.77674144,13.48972255,13.83239558,14.71687304,14.74030781,14.66966018,TG 56:4 Isomer A,8.665335917,6.794415866,6.339850003,7.475733431,7.22881869,0.01,7.159871337,9.025139562,8.214319121,8.30833903,8.985841937,6.658211483,,
TG 58:7|TG 18:2_22:2_18:3,12.25443815,9.398743692,12.20762447,12.12573633,14.76134346,14.69859616,TG 56:4 Isomer B,13.15339369,12.74209887,14.20319504,13.84480382,14.02097994,13.55362929,13.70681975,13.39218324,13.46429047,13.86988297,13.28973074,12.94818469,,
TG 58:8 ,13.68299458,13.27058734,13.71456751,14.72541952,14.64964914,14.69037999,TG 56:5 Isomer B ,13.23302043,13.10164745,13.79167165,13.53794636,14.29073886,13.65743011,13.17227123,13.19059634,13.32572707,13.49635449,13.12525201,13.03393914,,
TG 58:8|TG 18:1_18:2_22:5,10.77148947,10.00281502,9.943979914,11.68956125,11.66222331,11.59572369,TG 56:5 Isomer C ,9.926295995,10.09407769,10.18735207,10.61654884,11.12023788,10.49984589,9.596189756,10.01820018,10.4325419,10.34318572,10.11504365,10.47978026,,
TG 58:9 ,10.1176431,10.10459875,9.398743692,11.00492268,11.02236781,11.16113188,TG 56:6 Isomer A,12.25502857,11.84077792,12.48003281,12.22098285,12.41415668,11.19229281,11.87190524,13.17289625,12.85057755,13.57305541,12.67397152,11.91774501,,
TG 59:3 ,10.82416321,11.93442804,10.33203655,11.55410915,12.01993816,11.13249973,TG 56:6 isomer B,12.64655871,12.69653291,13.3894969,13.02496648,13.82892983,13.46416282,13.56367296,13.35149141,13.50071742,13.54918302,13.15639914,13.18580462,,
TG 59:4|TG 19:1_22:1_18:2,9.273795599,8.632995197,10.23959853,8.988684687,10.41468524,10.36850646,TG 56:7 Isomer A ,11.5028318,10.84313591,12.07112712,11.61332905,11.71381608,11.20089861,11.61930296,11.81578354,12.77458118,11.88264305,11.50680344,11.31684718,,
TG 59:5|TG 19:1_22:1_18:3,10.08081753,8.74819285,8.392317423,10.91214086,10.01262454,10.90086681,TG 56:7 Isomer B ,12.24614677,12.28857774,13.26532202,12.57530288,13.56522111,13.12815547,13.26180111,13.05477388,13.65396464,13.53454607,13.01087772,12.93884446,,
TG 60:1|TG 18:0_24:0_18:1,12.89708913,12.90576305,12.55362929,11.60084211,11.70390357,11.33427329,TG 56:8 Isomer A ,11.53089398,11.49285462,11.87229011,11.57222651,11.78422586,11.38424412,11.7561393,11.82495874,12.62205182,12.04234338,11.88836274,11.86727874,,
TG 60:2 ,15.21006248,14.96040926,15.24425233,14.29806257,14.3130956,14.27168187,TG 56:9|TG 16:1_18:2_22:6,9.843921051,9.923327485,9.861086906,9.481799432,9.77807713,9.709083813,9.756556323,10.39339046,11.34928123,10.41574177,9.681238412,10.18487534,,
TG 60:3 ,10.86650621,1,9.142107057,10.16239133,10.34318572,10.02652344,TG 57:1 ,16.46104773,14.18541749,14.14744345,14.10295989,14.15180936,13.62844554,14.1931403,14.9392578,14.69751061,15.09085674,14.59828517,14.26128692,,
TG 60:3|TG 18:1_20:1_22:1,15.73285638,15.46976899,15.81825761,15.31783654,15.30638216,15.31142904,TG 57:2 ,15.08957462,12.62250945,13.13249973,12.92870342,12.81197669,12.45429929,13.3217872,13.78463485,13.4601999,13.86930466,13.37313704,13.03290668,,
TG 60:4 ,12.33817925,11.93258387,12.15703107,12.5667676,12.71896091,12.68868742,TG 57:3 ,12.75572215,11.4003458,12.10623576,12.14688684,12.24911345,11.74188827,12.28771238,12.07581338,11.93405939,12.58355293,12.17554955,11.62844554,,
TG 60:4|TG 20:1_22:1_18:2,13.74283572,13.444109,13.76963126,14.15473901,14.00281502,14.10484442,TG 58:0 ,15.71831881,14.07095948,14.45507031,14.24131287,14.26627413,13.70660394,14.34422655,14.73708887,14.58742594,15.08899522,14.64503917,14.17952038,,
TG 60:5 ,6.285402219,2.807354922,2.584962501,11.46454575,11.77478706,10.21431912,TG 58:1 Isomer C,11.50183718,10.30263892,10.85564717,10.83841608,10.87958325,10.31061278,11.4372319,10.85174904,10.99788513,11.15608308,11.10787091,10.85252951,,
TG 60:6 ,11.68825031,11.30777003,12.04473563,12.20914871,12.17367714,12.09440763,TG 58:10 ,9.409390936,9.52160044,9.552669098,9.824958741,9.283088353,8.816983623,8.479780264,10.03891899,10.47065887,10.10066234,9.746514321,9.465566405,,
TG 60:6|TG 22:1_20:2_18:3,9.939579214,7.459431619,0,11.59479112,10.69870467,12.26121345,TG 58:10|TG 18:2_18:2_22:6,10.10066234,9.46760555,9.807354922,8.951284715,9.802516365,9.667111542,8.686500527,9.960001932,10.9248125,9.396604781,9.434628228,9.571752644,,
TG 60:7|TG 16:0_22:1_22:6,10.80976813,10.68299458,10.90538701,10.79928162,10.77971936,10.67595703,TG 58:11 ,8.77807713,9.434628228,8.761551232,8.247927513,9.285402219,8.74819285,8.139551352,9.25502857,9.99859043,9.139551352,8.434628228,8.921840937,,
TG 60:7|TG 18:1_20:1_22:5,2.321928095,2.321928095,2.321928095,2.321928095,2.321928095,2.321928095,TG 58:11|TG 16:0_20:5_22:6,9.487840034,9.202123824,9.236014192,8.797661526,9.008428622,8.87958325,8.54689446,9.247927513,10.16741815,9.607330314,9.044394119,9.129283017,,
TG 60:7|TG 22:1_18:3_20:3,5.857980995,6.022367813,5.930737338,6,6.044394119,5.977279923,TG 58:12 ,6.303780748,7.14974712,6.06608919,6.977279923,6.918863237,6.392317423,6.189824559,0.01,6.807354922,5.857980995,6.266786541,6.807354922,,
TG 60:8|TG 18:1_18:1_24:6,11.11958962,9.837627933,10.00842862,11.58214198,12.31712993,12.23541594,TG 58:13|TG 16:2_20:5_22:6,6.672425342,7.285402219,6.108524457,6.129283017,7.475733431,6.06608919,6.672425342,6.169925001,6.339850003,0.01,7.118941073,6.247927513,,
TG 60:9|TG 18:1_20:3_22:5,8.370687407,8.022367813,8.73470962,9.315149562,9.194756854,10.12023788,TG 58:2 ,16.1164455,14.76575228,15.90886168,15.47097656,15.30929871,14.85550118,16.49563646,16.18423612,16.12035939,16.64605237,16.07150426,15.99169898,,
TG 60:9|TG 20:1_18:2_22:6,9.794415866,9.245552706,10.13057056,11.22400167,11.32586758,11.24555271,TG 58:3 ,13.69152544,13.49859993,14.78841247,14.22400167,14.27997324,13.87632509,14.96366377,14.76367922,14.68584381,15.17710804,14.58249485,14.1402706,,
TG 61:3|TG 18:1_21:1_22:1,12.12282799,11.93258387,12.24614677,11.70822173,11.82853321,11.77025093,TG 58:4 ,12.32811389,11.74986943,13.38127256,12.89727825,12.95183109,12.72067179,12.5980525,12.09176594,12.25768248,12.78586111,12.11958962,11.7561393,,
TG 61:4|TG 21:1_22:1_18:2,9.722807531,8.321928095,9.921840937,10.24317398,9.773139207,10.027906,TG 58:5 ,12.15639914,11.66578003,12.4714212,12.45994385,12.79197682,12.30606169,11.83999107,11.92369888,12.05392588,12.29863541,12.00982862,11.95201316,,
TG 61:5|TG 21:1_22:1_18:3,0,8.459431619,7.523561956,8.479780264,8.710806434,7.321928095,TG 58:6 ,11.99647349,12.01785233,13.01663421,12.69935556,13.40567333,13.18750673,12.52649924,12.52967456,12.66066448,12.61654884,12.2647358,12.02894204,,
TG 62:11|TG 16:0_24:5_22:6,7.312882955,7.531381461,7.294620749,9.505811554,9.667111542,9.681238412,TG 58:7 ,8.693486957,7.864186145,9.092757141,9.049848549,9.290018847,8.607330314,8.8008999,9.483815777,9.741466986,9.64385619,8.396604781,9.290018847,,
TG 62:12|TG 20:1_20:5_22:6,7.882643049,7.876516947,8.794415866,9.961449694,9.965784285,10.05392588,TG 58:8 ,11.43097517,11.40779885,12.33203655,11.54254826,12.59269062,12.24644372,12.13474717,11.82057788,12.36632221,12.27961058,11.90162116,11.83605036,,
TG 62:2|TG 16:0_18:1_28:1,11.78012962,12.39606956,12.6379833,11.56319627,10.96289601,10.59712143,TG 58:9 ,11.15228484,10.50779464,11.19967234,10.31174832,11.17180229,10.63753055,10.41468524,10.96000193,11.73513288,11.08679969,10.93147623,10.82336724,,
TG 62:3 ,14.24970606,14.02297459,14.3958688,13.60119044,13.6022349,13.59409129,TG 59:2 ,15.25628241,13.37558251,13.49760239,13.32923574,13.544723,12.90501086,14.04037535,14.32073005,14.14998522,14.54882191,14.0998409,13.73047014,,
TG 62:4 ,13.19629475,12.942881,13.23391921,13.24406646,13.28294361,13.23451809,TG 59:3 ,13.0764816,11.43358544,12.11113567,11.55602699,11.75405237,11.05731488,12.20609861,12.24495839,12.04678297,12.48305998,11.83526092,11.73343908,,
TG 62:5|TG 22:1_18:2_22:2,11.6105635,11.28540222,11.27670602,11.90086681,11.8753654,12.00527366,TG 60:1 ,15.52236697,14.15971369,14.8474489,14.61821341,14.25613496,13.97897853,15.32934087,15.05367139,14.96104266,15.57580512,15.18843431,14.8204283,,
TG 62:6|TG 22:1_22:2_18:3,1,1.584962501,1,8.807354922,1.584962501,1,TG 60:11 ,9.620219826,8.64385619,9.030667136,8.971543554,10.14082977,8.321928095,9.344295908,9.970105891,10.36303963,9.11113567,9.144658243,9.579315938,,
TG 62:7|TG 16:0_24:1_22:6,9.415741768,9.505811554,10.12928302,8.672425342,9.645658432,9.56414949,TG 60:12,9.038918989,8.625708843,9.440869168,8.665335917,8.980139578,8.447083226,7.882643049,9.052568051,9.853309555,8.30833903,8.654636029,9.407267764,,
TG 62:7|TG 22:1_18:3_22:3,0,0,0,0,1,9.417852515,TG 60:13|TG 18:2_20:5_22:6,9.21916852,7.614709844,8.499845887,7.948367232,9.022367813,7.930737338,7.614709844,8.77807713,9.674192268,8.233619677,7.357552005,7.491853096,,
TG 62:8|TG 18:1_22:1_22:6,10.38370429,9.8008999,10.55554777,11.23242093,10.76238204,11.0986901,TG 60:15 ,8.566054038,6.584962501,7.392317423,6.303780748,8.118941073,7.569855608,7.266786541,8.724513853,7.257387843,7.459431619,8.463524373,6.672425342,,
TG 63:2|TG 23:0_18:1_22:1,10.29462075,9.696967526,10.54399845,9.221587121,7.882643049,8.854868383,TG 60:2 ,15.80503847,14.77045742,15.77133471,15.36070994,15.17297435,14.75666056,16.38724324,15.97457143,15.95814486,16.51210773,16.05773794,15.80901444,,
TG 64:2 ,12.3459596,12.09770296,12.12896095,10.87113518,11.06137119,11.05392588,TG 60:3 ,14.59000218,13.94727165,15.3636899,14.86544331,14.34117131,13.98281537,15.68318654,15.21667008,15.37303505,15.79849711,15.22569699,15.08148344,,
TG 64:3 ,12.28598011,11.52454172,11.8494051,11.29059489,10.93884446,11.08281434,TG 60:4 ,11.81177606,11.80936621,12.96361862,12.5696183,12.41283444,11.7232343,12.80211242,12.35176744,12.48230378,12.8793918,12.21340804,12.14433959,,
TG 64:4 ,11.47319838,11.17617315,11.52405192,11.3586512,11.24019505,11.25738784,TG 60:5 ,11.66977089,10.41256985,11.68299458,11.68868742,11.85408918,11.33035672,11.19967234,11.04302728,10.95274125,11.64024494,11.12928302,10.033423,,
TG 64:5|TG 22:1_24:1_18:3,10.19105921,10.58683979,10.78708632,10.666224,10.82972274,10.77889848,TG 60:6 ,10.02652344,10.20457114,10.712527,10.91513245,11.45172627,11.04439412,10.43567026,10.7548875,10.61562964,11.1176431,10.41996018,9.97441459,,
TG O-46:0|TG O-16:0_14:0_16:0,12.33119688,12.19260105,12.40141288,11.20701432,11.28135051,11.33315535,TG 62:1 ,14.55566759,13.01698235,13.50096633,13.18285986,13.09753838,12.49959678,14.17453563,14.03014982,13.96821678,14.50189937,14.08621917,13.70595631,,
TG O-48:1|TG O-18:1_14:0_16:0,15.19591043,14.95333254,15.21541924,14.15046131,14.12815547,14.18943851,TG 62:14 ,7.942514505,7.139551352,7.475733431,6.14974712,8.303780748,7.475733431,7.614709844,7.994353437,7.971543554,8.184875343,8.303780748,7.475733431,,
TG O-48:2|TG O-18:2_14:0_16:0,13.23989682,12.97315921,13.19737029,12.98013958,12.83979429,12.88359791,TG 62:15 ,6.539158811,6.942514505,6.375039431,6.768184325,0.01,0.01,5.977279923,0.01,7.21916852,6.247927513,6.658211483,7.357552005,,
TG O-50:0|TG O-16:0_16:0_18:0,14.63549141,14.4887816,14.7251532,13.82545572,13.72706956,13.73365092,TG 62:16 ,6.807354922,6.554588852,7.044394119,0.01,7.651051691,6.303780748,6.169925001,6.569855608,7.266786541,6.285402219,6.658211483,6.442943496,,
TG O-50:1|TG O-17:0_16:0_17:1,1,15.32414538,1,15.5442702,15.49510551,15.50077965,TG 62:2 ,14.75373907,13.51113493,14.45654693,14.13217838,13.53867395,13.16490693,15.28587177,14.88455213,14.90759486,15.46451384,14.9794252,14.6708775,,
TG O-50:2|TG O-18:1_16:0_16:1,15.92724556,15.70149599,15.97808477,15.47078596,15.47595504,15.49069422,TG 62:3 ,14.33713405,13.49922304,14.73349204,14.2108996,13.66744423,13.36139553,15.35349146,14.75712953,14.93594771,15.27521516,14.79223108,14.60084211,,
TG O-52:0|TG O-18:0_16:0_18:0,13.94003825,13.72621816,13.90171542,13.39218324,13.41283444,13.29447716,TG 62:4 ,13.01593767,12.01680829,13.21841188,12.74798314,12.62250945,12.02756048,13.08031789,12.88455213,12.78217919,13.3379006,12.55218876,12.48406762,,
TG O-52:2|TG O-18:1_16:0_18:1,16.25884203,17.05748412,16.27523335,16.79320956,16.77778184,16.75170096,TG 64:1 ,13.603974,12.29519496,12.13185696,12.32979634,12.57127862,12.34151882,12.92314175,13.22158712,13.38032577,13.79095933,13.37612539,12.1842555,,
TG O-52:3|TG O-18:1_16:1_18:1,14.74304618,14.45609768,14.73566179,14.84735102,14.86442799,14.89202097,TG 64:17|TG 20:5_22:6_22:6,6.882643049,7.06608919,6.044394119,7.754887502,7.531381461,6.741466986,6.87036472,7.330916878,7.826548487,7.813781191,6.209453366,6.426264755,,
TG O-52:6|TG O-16:0_14:0_22:6,12.5553081,12.22098285,12.60686784,12.19321732,12.22068062,12.13602985,TG 64:2 ,14.16136811,12.52061868,12.74819285,12.76590764,12.3143,11.96108789,14.39921116,14.21560883,14.16128937,14.68376224,14.22754074,13.86079601,,
TG O-53:1|TG O-17:0_18:0_18:1,13.87478928,13.7368247,13.93018292,12.9627153,13.12863881,13.04797591,TG 64:3 ,14.00825353,12.18735207,13.00281502,12.7251532,12.51889899,11.82376528,14.03583007,13.7856568,13.924163,14.43182403,13.79319686,13.48041156,,
TG O-53:1|TG O-19:0_16:0_18:1,12.85077286,12.75258972,12.95328707,12.33678548,12.32051852,12.22400167,TG 64:4 ,13.22083174,11.436191,12.24733418,11.79360331,11.82057788,11.17055104,12.51422091,12.40434329,12.09605624,12.69913863,12.22098285,12.07981809,,
TG O-54:1|TG O-16:0_18:1_20:0,15.36433988,15.16745735,15.33399388,14.75347793,14.70989155,14.73867285,TG 8:0_10:0_18:2 ,10.93810933,11.03411115,11.91737208,11.37503943,10.51766939,10.74735383,11.81738343,11.56985561,11.65015421,11.80936621,11.39339046,10.72706956,,
TG O-54:4|TG O-18:1_18:1_18:2,13.36481862,13.1552926,13.39164637,13.69316022,13.69468435,13.73523868,TG 8:0_15:0_18:1 ,11.7883105,9.465566405,9.419960178,9.278449458,9.584962501,8.703903573,8.903881846,10.33091688,10.18982456,9.575539247,10.12153352,9.189824559,,
TG O-54:5|TG O-16:0_16:0_22:5,14.38754618,14.18665592,14.44604941,14.00263924,13.93055255,13.93617782,TG O-16:0_16:0_18:1 ,13.59420795,13.63367641,15.05379864,15.21234439,14.11861669,14.02842411,17.50624559,16.8599351,17.29100878,17.78566957,16.89381107,16.39745738,,
TG O-54:6|TG O-16:0_16:1_22:5,13.36002402,13.0617087,13.37856581,13.79177338,13.73057628,13.7548875,TG O-18:0_16:0_18:1 ,13.95646691,14.07531201,15.65382473,15.38683923,14.71724801,14.76678769,16.82909092,16.31829565,16.42073331,16.84031078,16.03185194,15.94164371,,
TG O-54:6|TG O-18:1_16:0_20:5,10.62113611,8.826548487,10.01541505,11.92407019,11.18611424,11.63843591,TG O-18:1_16:0_18:1 ,13.79583674,13.63015334,15.3721849,15.45101788,14.28142297,14.34921211,17.55076181,17.01148935,17.39524961,17.79523431,16.75466572,16.34905657,,
TG O-54:7|TG O-17:1_15:0_22:6,13.52270412,13.23376945,13.51014602,13.77653584,13.77344832,13.80150629,TG O-18:1_18:0_18:1 ,13.44397954,13.24406646,14.86737528,14.51877608,13.71574754,13.75759836,16.23679903,15.77555884,16.02526936,16.21355993,15.5023035,15.30238903,,
TG O-55:2|TG O-17:0_18:1_20:1,12.97799537,12.86747181,13.11341661,12.74630437,12.75801496,12.77602172,TG O-18:1_18:1_18:1 ,12.2039597,12.04234338,13.59140547,13.49847527,12.25148241,12.41758884,15.25554499,14.7565042,15.20480037,15.45551988,14.44501485,14.1300074,,
TG O-55:3|TG O-20:2_17:0_18:1,13.97172316,13.84107288,14.02262789,3.807354922,3.807354922,3.807354922,TG O-49:2|TG O-17:1_14:0_18:1,#VALUE!,9.339850003,10.08347933,9.37721053,9.394462695,8.62935662,9.686500527,10.52454172,10.27844946,10.03066714,10.509775,10.39767463,,
TG O-56:3|TG O-18:1_18:1_20:1,14.90350531,14.72706956,15.00422047,15.19832993,15.20319504,15.20105181,TG O-52:3|TG O-18:1_16:0_18:2,10.98156728,11.04916787,12.17648485,12.1176431,11.2848241,11.34540525,14.42803296,13.87065369,14.36365568,14.722434,13.70606427,13.23646272,,
TG O-56:4|TG O-18:1_18:1_20:2,13.49785184,13.10738056,13.45275603,13.80493767,13.84656775,13.78146217,TG O-54:1|TG O-20:0_16:0_18:1,13.25841881,13.33678548,14.81997946,14.69217958,14.07045642,14.26905361,15.82560479,15.41303285,15.52933904,15.779745,15.28084325,14.99563467,,
TG O-56:6|TG O-16:0_18:1_22:5,15.13879176,14.9657392,15.15240369,15.37788833,15.36303963,15.2848241,TG O-55:3|TG O-19:2_16:0_20:1,8.651051691,10.32979634,9.199672345,9.656424863,10.23002044,8.768184325,10.20579325,10.09934781,9.797661526,9.991521846,9.980139578,10.34318572,,
TG O-56:6|TG O-18:1_18:1_20:4,11.93774162,11.75112558,11.97405602,12.268542,12.07881795,12.16679075,TG O-55:4|TG O-19:1_16:0_20:3,10.32642949,8.573647187,9.914385132,8.400879436,9.77148947,9.927777962,10.44811631,10.09934781,10.28886607,10.033423,9.627533884,9.821773982,,
TG O-57:5|TG O-21:3_18:1_18:1,13.95228624,9.310612782,9.221587121,14.57240417,14.50003269,14.5158846,TG O-55:4|TG O-19:1_18:1_18:2,8.73470962,8.672425342,8.810571635,8.199672345,8.082149041,9.036173613,9.497851837,9.28771238,8.876516947,9.357552005,9.044394119,9.612868497,,
TG O-58:4|TG O-18:1_18:1_22:2,0,1,0,1,1,0,TG O-57:6|TG O-19:1_16:0_22:5,9.581200582,9.211888295,8.539158811,8.50779464,9.417852515,9.763212367,10.09275714,9.768184325,9.317412614,9.422064766,8.971543554,9.722807531,,
TG O-58:6|TG O-18:0_18:1_22:5,13.75666056,13.49959678,13.77797443,13.99134469,13.62159404,13.7235543,,,,,,,,,,,,,,,
TG O-61:4|TG O-21:1_18:1_22:2,11.39124359,10.92629599,11.88455213,11.94544384,11.71553306,11.94397991,,,,,,,,,,,,,,,
